library_a,library_b,has_error_differential
ada-uri-mime,bin-aria2,1
ada-uri-mime,bin-trurl,1
ada-uri-mime,bin-wget,1
ada-uri-mime,clojure-uri,1
ada-uri-mime,cpp-ada-url,1
ada-uri-mime,cpp-boost-url,1
ada-uri-mime,cpp-guri,1
ada-uri-mime,cpp-http-parser,1
ada-uri-mime,cpp-libcurl,1
ada-uri-mime,cpp-poco-uri,1
ada-uri-mime,cpp-qurl-strict,1
ada-uri-mime,cpp-qurl-tolerant,1
ada-uri-mime,cpp-uriparser,1
ada-uri-mime,cpp-url-c-rfc,1
ada-uri-mime,cpp-url-c-whatwg,1
ada-uri-mime,crystal-uri,1
ada-uri-mime,csharp-anglesharp,1
ada-uri-mime,csharp-flurl,1
ada-uri-mime,csharp-systemuri,1
ada-uri-mime,dart-core,1
ada-uri-mime,elixir-ex_url,1
ada-uri-mime,elixir-uri,1
ada-uri-mime,erlang-hackney-url,1
ada-uri-mime,erlang-ibrowse-lib,1
ada-uri-mime,erlang-uri-string,1
ada-uri-mime,go-net,1
ada-uri-mime,haskell-http-client,1
ada-uri-mime,haskell-http-conduit,1
ada-uri-mime,haskell-modern-uri,1
ada-uri-mime,haskell-network-uri,1
ada-uri-mime,haskell-uri-bytestring,1
ada-uri-mime,java-apache-httpclient,1
ada-uri-mime,java-galimatias,1
ada-uri-mime,java-netty,1
ada-uri-mime,java-okhttp,1
ada-uri-mime,java-spring-web,1
ada-uri-mime,java-uri,1
ada-uri-mime,java-url,1
ada-uri-mime,javascript-deno,1
ada-uri-mime,javascript-domurl,1
ada-uri-mime,javascript-fast-uri,1
ada-uri-mime,javascript-fast-url-parser,1
ada-uri-mime,javascript-jsuri,1
ada-uri-mime,javascript-legacy,1
ada-uri-mime,javascript-parse-uri,1
ada-uri-mime,javascript-parse-url,1
ada-uri-mime,javascript-parseuri,1
ada-uri-mime,javascript-smithy,1
ada-uri-mime,javascript-uri-js,1
ada-uri-mime,javascript-uri-parser,1
ada-uri-mime,javascript-urijs,1
ada-uri-mime,javascript-url-parse,1
ada-uri-mime,javascript-url-toolkit,1
ada-uri-mime,javascript-whatwg,1
ada-uri-mime,perl-mojo-url,1
ada-uri-mime,perl-uri,1
ada-uri-mime,php-amphp-uri,1
ada-uri-mime,php-guzzle-psr7,1
ada-uri-mime,php-laminas,1
ada-uri-mime,php-league,1
ada-uri-mime,php-ml-iri,1
ada-uri-mime,php-nette-http,1
ada-uri-mime,php-opis-uri,1
ada-uri-mime,php-parseurl,1
ada-uri-mime,php-pear-net-url2,1
ada-uri-mime,php-phrity-net-uri,1
ada-uri-mime,php-sabre,1
ada-uri-mime,php-spatie,1
ada-uri-mime,python-ada-url,1
ada-uri-mime,python-furl,1
ada-uri-mime,python-httpx,1
ada-uri-mime,python-hyperlink,1
ada-uri-mime,python-lazr-uri,1
ada-uri-mime,python-mdurl,1
ada-uri-mime,python-purl,1
ada-uri-mime,python-rfc3986,1
ada-uri-mime,python-uritools,1
ada-uri-mime,python-urllib3,1
ada-uri-mime,python-yarl,1
ada-uri-mime,r-httr2,1
ada-uri-mime,r-urlparse,1
ada-uri-mime,r-urltools,1
ada-uri-mime,ruby-addressable,1
ada-uri-mime,ruby-uri,1
ada-uri-mime,rust-fluent-uri,1
ada-uri-mime,rust-hyper-uri,1
ada-uri-mime,rust-iref,1
ada-uri-mime,rust-reqwest,1
ada-uri-mime,rust-uriparse,1
ada-uri-mime,rust-url,1
ada-uri-mime,rust-urlparse,1
ada-uri-mime,swift-url,1
ada-uri-mime,swift-urlcomponents,1
ada-uri-mime,swift-weburl,1
ada-uri-mime,zig-std-uri,1
bin-aria2,ada-uri-mime,1
bin-aria2,bin-trurl,1
bin-aria2,bin-wget,1
bin-aria2,clojure-uri,1
bin-aria2,cpp-ada-url,1
bin-aria2,cpp-boost-url,1
bin-aria2,cpp-guri,1
bin-aria2,cpp-http-parser,1
bin-aria2,cpp-libcurl,1
bin-aria2,cpp-poco-uri,1
bin-aria2,cpp-qurl-strict,1
bin-aria2,cpp-qurl-tolerant,1
bin-aria2,cpp-uriparser,1
bin-aria2,cpp-url-c-rfc,1
bin-aria2,cpp-url-c-whatwg,1
bin-aria2,crystal-uri,1
bin-aria2,csharp-anglesharp,1
bin-aria2,csharp-flurl,1
bin-aria2,csharp-systemuri,1
bin-aria2,dart-core,1
bin-aria2,elixir-ex_url,1
bin-aria2,elixir-uri,1
bin-aria2,erlang-hackney-url,1
bin-aria2,erlang-ibrowse-lib,1
bin-aria2,erlang-uri-string,1
bin-aria2,go-net,1
bin-aria2,haskell-http-client,1
bin-aria2,haskell-http-conduit,1
bin-aria2,haskell-modern-uri,1
bin-aria2,haskell-network-uri,1
bin-aria2,haskell-uri-bytestring,1
bin-aria2,java-apache-httpclient,1
bin-aria2,java-galimatias,1
bin-aria2,java-netty,1
bin-aria2,java-okhttp,1
bin-aria2,java-spring-web,1
bin-aria2,java-uri,1
bin-aria2,java-url,1
bin-aria2,javascript-deno,1
bin-aria2,javascript-domurl,1
bin-aria2,javascript-fast-uri,1
bin-aria2,javascript-fast-url-parser,1
bin-aria2,javascript-jsuri,1
bin-aria2,javascript-legacy,1
bin-aria2,javascript-parse-uri,1
bin-aria2,javascript-parse-url,1
bin-aria2,javascript-parseuri,1
bin-aria2,javascript-smithy,1
bin-aria2,javascript-uri-js,1
bin-aria2,javascript-uri-parser,1
bin-aria2,javascript-urijs,1
bin-aria2,javascript-url-parse,1
bin-aria2,javascript-url-toolkit,1
bin-aria2,javascript-whatwg,1
bin-aria2,perl-mojo-url,1
bin-aria2,perl-uri,1
bin-aria2,php-amphp-uri,1
bin-aria2,php-guzzle-psr7,1
bin-aria2,php-laminas,1
bin-aria2,php-league,1
bin-aria2,php-ml-iri,1
bin-aria2,php-nette-http,1
bin-aria2,php-opis-uri,1
bin-aria2,php-parseurl,1
bin-aria2,php-pear-net-url2,1
bin-aria2,php-phrity-net-uri,1
bin-aria2,php-sabre,1
bin-aria2,php-spatie,1
bin-aria2,python-ada-url,1
bin-aria2,python-furl,1
bin-aria2,python-httpx,1
bin-aria2,python-hyperlink,1
bin-aria2,python-lazr-uri,1
bin-aria2,python-mdurl,1
bin-aria2,python-purl,1
bin-aria2,python-rfc3986,1
bin-aria2,python-uritools,1
bin-aria2,python-urllib3,1
bin-aria2,python-yarl,1
bin-aria2,r-httr2,1
bin-aria2,r-urlparse,1
bin-aria2,r-urltools,1
bin-aria2,ruby-addressable,1
bin-aria2,ruby-uri,1
bin-aria2,rust-fluent-uri,1
bin-aria2,rust-hyper-uri,1
bin-aria2,rust-iref,1
bin-aria2,rust-reqwest,1
bin-aria2,rust-uriparse,1
bin-aria2,rust-url,1
bin-aria2,rust-urlparse,1
bin-aria2,swift-url,1
bin-aria2,swift-urlcomponents,1
bin-aria2,swift-weburl,1
bin-aria2,zig-std-uri,1
bin-trurl,ada-uri-mime,1
bin-trurl,bin-aria2,1
bin-trurl,bin-wget,1
bin-trurl,clojure-uri,1
bin-trurl,cpp-ada-url,1
bin-trurl,cpp-boost-url,1
bin-trurl,cpp-guri,1
bin-trurl,cpp-http-parser,1
bin-trurl,cpp-libcurl,1
bin-trurl,cpp-poco-uri,1
bin-trurl,cpp-qurl-strict,1
bin-trurl,cpp-qurl-tolerant,0
bin-trurl,cpp-uriparser,1
bin-trurl,cpp-url-c-rfc,1
bin-trurl,cpp-url-c-whatwg,1
bin-trurl,crystal-uri,1
bin-trurl,csharp-anglesharp,1
bin-trurl,csharp-flurl,1
bin-trurl,csharp-systemuri,1
bin-trurl,dart-core,1
bin-trurl,elixir-ex_url,1
bin-trurl,elixir-uri,1
bin-trurl,erlang-hackney-url,1
bin-trurl,erlang-ibrowse-lib,1
bin-trurl,erlang-uri-string,1
bin-trurl,go-net,1
bin-trurl,haskell-http-client,1
bin-trurl,haskell-http-conduit,1
bin-trurl,haskell-modern-uri,1
bin-trurl,haskell-network-uri,1
bin-trurl,haskell-uri-bytestring,1
bin-trurl,java-apache-httpclient,1
bin-trurl,java-galimatias,1
bin-trurl,java-netty,1
bin-trurl,java-okhttp,1
bin-trurl,java-spring-web,1
bin-trurl,java-uri,1
bin-trurl,java-url,1
bin-trurl,javascript-deno,1
bin-trurl,javascript-domurl,1
bin-trurl,javascript-fast-uri,1
bin-trurl,javascript-fast-url-parser,1
bin-trurl,javascript-jsuri,1
bin-trurl,javascript-legacy,1
bin-trurl,javascript-parse-uri,0
bin-trurl,javascript-parse-url,1
bin-trurl,javascript-parseuri,0
bin-trurl,javascript-smithy,1
bin-trurl,javascript-uri-js,0
bin-trurl,javascript-uri-parser,0
bin-trurl,javascript-urijs,1
bin-trurl,javascript-url-parse,1
bin-trurl,javascript-url-toolkit,0
bin-trurl,javascript-whatwg,1
bin-trurl,perl-mojo-url,1
bin-trurl,perl-uri,1
bin-trurl,php-amphp-uri,1
bin-trurl,php-guzzle-psr7,1
bin-trurl,php-laminas,1
bin-trurl,php-league,1
bin-trurl,php-ml-iri,0
bin-trurl,php-nette-http,1
bin-trurl,php-opis-uri,1
bin-trurl,php-parseurl,1
bin-trurl,php-pear-net-url2,0
bin-trurl,php-phrity-net-uri,1
bin-trurl,php-sabre,1
bin-trurl,php-spatie,1
bin-trurl,python-ada-url,1
bin-trurl,python-furl,1
bin-trurl,python-httpx,1
bin-trurl,python-hyperlink,1
bin-trurl,python-lazr-uri,1
bin-trurl,python-mdurl,0
bin-trurl,python-purl,1
bin-trurl,python-rfc3986,1
bin-trurl,python-uritools,1
bin-trurl,python-urllib3,1
bin-trurl,python-yarl,1
bin-trurl,r-httr2,1
bin-trurl,r-urlparse,1
bin-trurl,r-urltools,0
bin-trurl,ruby-addressable,1
bin-trurl,ruby-uri,1
bin-trurl,rust-fluent-uri,1
bin-trurl,rust-hyper-uri,1
bin-trurl,rust-iref,1
bin-trurl,rust-reqwest,1
bin-trurl,rust-uriparse,1
bin-trurl,rust-url,1
bin-trurl,rust-urlparse,0
bin-trurl,swift-url,1
bin-trurl,swift-urlcomponents,1
bin-trurl,swift-weburl,1
bin-trurl,zig-std-uri,1
bin-wget,ada-uri-mime,1
bin-wget,bin-aria2,1
bin-wget,bin-trurl,1
bin-wget,clojure-uri,1
bin-wget,cpp-ada-url,1
bin-wget,cpp-boost-url,1
bin-wget,cpp-guri,1
bin-wget,cpp-http-parser,1
bin-wget,cpp-libcurl,1
bin-wget,cpp-poco-uri,1
bin-wget,cpp-qurl-strict,1
bin-wget,cpp-qurl-tolerant,1
bin-wget,cpp-uriparser,1
bin-wget,cpp-url-c-rfc,1
bin-wget,cpp-url-c-whatwg,1
bin-wget,crystal-uri,1
bin-wget,csharp-anglesharp,1
bin-wget,csharp-flurl,1
bin-wget,csharp-systemuri,1
bin-wget,dart-core,1
bin-wget,elixir-ex_url,1
bin-wget,elixir-uri,1
bin-wget,erlang-hackney-url,1
bin-wget,erlang-ibrowse-lib,1
bin-wget,erlang-uri-string,1
bin-wget,go-net,1
bin-wget,haskell-http-client,1
bin-wget,haskell-http-conduit,1
bin-wget,haskell-modern-uri,1
bin-wget,haskell-network-uri,1
bin-wget,haskell-uri-bytestring,1
bin-wget,java-apache-httpclient,1
bin-wget,java-galimatias,1
bin-wget,java-netty,1
bin-wget,java-okhttp,1
bin-wget,java-spring-web,1
bin-wget,java-uri,1
bin-wget,java-url,1
bin-wget,javascript-deno,1
bin-wget,javascript-domurl,1
bin-wget,javascript-fast-uri,1
bin-wget,javascript-fast-url-parser,1
bin-wget,javascript-jsuri,1
bin-wget,javascript-legacy,1
bin-wget,javascript-parse-uri,1
bin-wget,javascript-parse-url,1
bin-wget,javascript-parseuri,1
bin-wget,javascript-smithy,1
bin-wget,javascript-uri-js,1
bin-wget,javascript-uri-parser,1
bin-wget,javascript-urijs,1
bin-wget,javascript-url-parse,1
bin-wget,javascript-url-toolkit,1
bin-wget,javascript-whatwg,1
bin-wget,perl-mojo-url,1
bin-wget,perl-uri,1
bin-wget,php-amphp-uri,1
bin-wget,php-guzzle-psr7,1
bin-wget,php-laminas,1
bin-wget,php-league,1
bin-wget,php-ml-iri,1
bin-wget,php-nette-http,1
bin-wget,php-opis-uri,1
bin-wget,php-parseurl,1
bin-wget,php-pear-net-url2,1
bin-wget,php-phrity-net-uri,1
bin-wget,php-sabre,1
bin-wget,php-spatie,1
bin-wget,python-ada-url,1
bin-wget,python-furl,1
bin-wget,python-httpx,1
bin-wget,python-hyperlink,1
bin-wget,python-lazr-uri,1
bin-wget,python-mdurl,1
bin-wget,python-purl,1
bin-wget,python-rfc3986,1
bin-wget,python-uritools,1
bin-wget,python-urllib3,1
bin-wget,python-yarl,1
bin-wget,r-httr2,1
bin-wget,r-urlparse,1
bin-wget,r-urltools,1
bin-wget,ruby-addressable,1
bin-wget,ruby-uri,1
bin-wget,rust-fluent-uri,1
bin-wget,rust-hyper-uri,1
bin-wget,rust-iref,1
bin-wget,rust-reqwest,1
bin-wget,rust-uriparse,1
bin-wget,rust-url,1
bin-wget,rust-urlparse,1
bin-wget,swift-url,1
bin-wget,swift-urlcomponents,1
bin-wget,swift-weburl,1
bin-wget,zig-std-uri,1
clojure-uri,ada-uri-mime,1
clojure-uri,bin-aria2,1
clojure-uri,bin-trurl,1
clojure-uri,bin-wget,1
clojure-uri,cpp-ada-url,1
clojure-uri,cpp-boost-url,1
clojure-uri,cpp-guri,1
clojure-uri,cpp-http-parser,1
clojure-uri,cpp-libcurl,1
clojure-uri,cpp-poco-uri,1
clojure-uri,cpp-qurl-strict,1
clojure-uri,cpp-qurl-tolerant,1
clojure-uri,cpp-uriparser,1
clojure-uri,cpp-url-c-rfc,1
clojure-uri,cpp-url-c-whatwg,1
clojure-uri,crystal-uri,1
clojure-uri,csharp-anglesharp,1
clojure-uri,csharp-flurl,1
clojure-uri,csharp-systemuri,1
clojure-uri,dart-core,1
clojure-uri,elixir-ex_url,1
clojure-uri,elixir-uri,1
clojure-uri,erlang-hackney-url,1
clojure-uri,erlang-ibrowse-lib,1
clojure-uri,erlang-uri-string,1
clojure-uri,go-net,1
clojure-uri,haskell-http-client,1
clojure-uri,haskell-http-conduit,1
clojure-uri,haskell-modern-uri,1
clojure-uri,haskell-network-uri,1
clojure-uri,haskell-uri-bytestring,1
clojure-uri,java-apache-httpclient,1
clojure-uri,java-galimatias,1
clojure-uri,java-netty,1
clojure-uri,java-okhttp,1
clojure-uri,java-spring-web,1
clojure-uri,java-uri,1
clojure-uri,java-url,1
clojure-uri,javascript-deno,1
clojure-uri,javascript-domurl,1
clojure-uri,javascript-fast-uri,1
clojure-uri,javascript-fast-url-parser,1
clojure-uri,javascript-jsuri,1
clojure-uri,javascript-legacy,1
clojure-uri,javascript-parse-uri,1
clojure-uri,javascript-parse-url,1
clojure-uri,javascript-parseuri,1
clojure-uri,javascript-smithy,1
clojure-uri,javascript-uri-js,1
clojure-uri,javascript-uri-parser,1
clojure-uri,javascript-urijs,1
clojure-uri,javascript-url-parse,1
clojure-uri,javascript-url-toolkit,1
clojure-uri,javascript-whatwg,1
clojure-uri,perl-mojo-url,1
clojure-uri,perl-uri,1
clojure-uri,php-amphp-uri,1
clojure-uri,php-guzzle-psr7,1
clojure-uri,php-laminas,1
clojure-uri,php-league,1
clojure-uri,php-ml-iri,1
clojure-uri,php-nette-http,1
clojure-uri,php-opis-uri,1
clojure-uri,php-parseurl,1
clojure-uri,php-pear-net-url2,1
clojure-uri,php-phrity-net-uri,1
clojure-uri,php-sabre,1
clojure-uri,php-spatie,1
clojure-uri,python-ada-url,1
clojure-uri,python-furl,1
clojure-uri,python-httpx,1
clojure-uri,python-hyperlink,1
clojure-uri,python-lazr-uri,1
clojure-uri,python-mdurl,1
clojure-uri,python-purl,1
clojure-uri,python-rfc3986,1
clojure-uri,python-uritools,1
clojure-uri,python-urllib3,1
clojure-uri,python-yarl,1
clojure-uri,r-httr2,1
clojure-uri,r-urlparse,1
clojure-uri,r-urltools,1
clojure-uri,ruby-addressable,1
clojure-uri,ruby-uri,1
clojure-uri,rust-fluent-uri,1
clojure-uri,rust-hyper-uri,1
clojure-uri,rust-iref,1
clojure-uri,rust-reqwest,1
clojure-uri,rust-uriparse,1
clojure-uri,rust-url,1
clojure-uri,rust-urlparse,1
clojure-uri,swift-url,1
clojure-uri,swift-urlcomponents,1
clojure-uri,swift-weburl,1
clojure-uri,zig-std-uri,1
cpp-ada-url,ada-uri-mime,1
cpp-ada-url,bin-aria2,1
cpp-ada-url,bin-trurl,1
cpp-ada-url,bin-wget,1
cpp-ada-url,clojure-uri,1
cpp-ada-url,cpp-boost-url,1
cpp-ada-url,cpp-guri,1
cpp-ada-url,cpp-http-parser,1
cpp-ada-url,cpp-libcurl,1
cpp-ada-url,cpp-poco-uri,1
cpp-ada-url,cpp-qurl-strict,1
cpp-ada-url,cpp-qurl-tolerant,1
cpp-ada-url,cpp-uriparser,1
cpp-ada-url,cpp-url-c-rfc,1
cpp-ada-url,cpp-url-c-whatwg,1
cpp-ada-url,crystal-uri,1
cpp-ada-url,csharp-anglesharp,1
cpp-ada-url,csharp-flurl,1
cpp-ada-url,csharp-systemuri,1
cpp-ada-url,dart-core,1
cpp-ada-url,elixir-ex_url,1
cpp-ada-url,elixir-uri,1
cpp-ada-url,erlang-hackney-url,1
cpp-ada-url,erlang-ibrowse-lib,1
cpp-ada-url,erlang-uri-string,1
cpp-ada-url,go-net,1
cpp-ada-url,haskell-http-client,1
cpp-ada-url,haskell-http-conduit,1
cpp-ada-url,haskell-modern-uri,1
cpp-ada-url,haskell-network-uri,1
cpp-ada-url,haskell-uri-bytestring,1
cpp-ada-url,java-apache-httpclient,1
cpp-ada-url,java-galimatias,1
cpp-ada-url,java-netty,1
cpp-ada-url,java-okhttp,1
cpp-ada-url,java-spring-web,1
cpp-ada-url,java-uri,1
cpp-ada-url,java-url,1
cpp-ada-url,javascript-deno,1
cpp-ada-url,javascript-domurl,1
cpp-ada-url,javascript-fast-uri,1
cpp-ada-url,javascript-fast-url-parser,1
cpp-ada-url,javascript-jsuri,1
cpp-ada-url,javascript-legacy,1
cpp-ada-url,javascript-parse-uri,1
cpp-ada-url,javascript-parse-url,1
cpp-ada-url,javascript-parseuri,1
cpp-ada-url,javascript-smithy,1
cpp-ada-url,javascript-uri-js,1
cpp-ada-url,javascript-uri-parser,1
cpp-ada-url,javascript-urijs,1
cpp-ada-url,javascript-url-parse,1
cpp-ada-url,javascript-url-toolkit,1
cpp-ada-url,javascript-whatwg,0
cpp-ada-url,perl-mojo-url,1
cpp-ada-url,perl-uri,1
cpp-ada-url,php-amphp-uri,1
cpp-ada-url,php-guzzle-psr7,1
cpp-ada-url,php-laminas,1
cpp-ada-url,php-league,1
cpp-ada-url,php-ml-iri,1
cpp-ada-url,php-nette-http,1
cpp-ada-url,php-opis-uri,1
cpp-ada-url,php-parseurl,1
cpp-ada-url,php-pear-net-url2,1
cpp-ada-url,php-phrity-net-uri,1
cpp-ada-url,php-sabre,1
cpp-ada-url,php-spatie,1
cpp-ada-url,python-ada-url,1
cpp-ada-url,python-furl,1
cpp-ada-url,python-httpx,1
cpp-ada-url,python-hyperlink,1
cpp-ada-url,python-lazr-uri,1
cpp-ada-url,python-mdurl,1
cpp-ada-url,python-purl,1
cpp-ada-url,python-rfc3986,1
cpp-ada-url,python-uritools,1
cpp-ada-url,python-urllib3,1
cpp-ada-url,python-yarl,1
cpp-ada-url,r-httr2,1
cpp-ada-url,r-urlparse,1
cpp-ada-url,r-urltools,1
cpp-ada-url,ruby-addressable,1
cpp-ada-url,ruby-uri,1
cpp-ada-url,rust-fluent-uri,1
cpp-ada-url,rust-hyper-uri,1
cpp-ada-url,rust-iref,1
cpp-ada-url,rust-reqwest,1
cpp-ada-url,rust-uriparse,1
cpp-ada-url,rust-url,1
cpp-ada-url,rust-urlparse,1
cpp-ada-url,swift-url,1
cpp-ada-url,swift-urlcomponents,1
cpp-ada-url,swift-weburl,1
cpp-ada-url,zig-std-uri,1
cpp-boost-url,ada-uri-mime,1
cpp-boost-url,bin-aria2,1
cpp-boost-url,bin-trurl,1
cpp-boost-url,bin-wget,1
cpp-boost-url,clojure-uri,1
cpp-boost-url,cpp-ada-url,1
cpp-boost-url,cpp-guri,1
cpp-boost-url,cpp-http-parser,1
cpp-boost-url,cpp-libcurl,1
cpp-boost-url,cpp-poco-uri,1
cpp-boost-url,cpp-qurl-strict,1
cpp-boost-url,cpp-qurl-tolerant,1
cpp-boost-url,cpp-uriparser,1
cpp-boost-url,cpp-url-c-rfc,1
cpp-boost-url,cpp-url-c-whatwg,1
cpp-boost-url,crystal-uri,1
cpp-boost-url,csharp-anglesharp,1
cpp-boost-url,csharp-flurl,1
cpp-boost-url,csharp-systemuri,1
cpp-boost-url,dart-core,1
cpp-boost-url,elixir-ex_url,1
cpp-boost-url,elixir-uri,1
cpp-boost-url,erlang-hackney-url,1
cpp-boost-url,erlang-ibrowse-lib,1
cpp-boost-url,erlang-uri-string,1
cpp-boost-url,go-net,1
cpp-boost-url,haskell-http-client,1
cpp-boost-url,haskell-http-conduit,1
cpp-boost-url,haskell-modern-uri,1
cpp-boost-url,haskell-network-uri,1
cpp-boost-url,haskell-uri-bytestring,1
cpp-boost-url,java-apache-httpclient,1
cpp-boost-url,java-galimatias,1
cpp-boost-url,java-netty,1
cpp-boost-url,java-okhttp,1
cpp-boost-url,java-spring-web,1
cpp-boost-url,java-uri,1
cpp-boost-url,java-url,1
cpp-boost-url,javascript-deno,1
cpp-boost-url,javascript-domurl,1
cpp-boost-url,javascript-fast-uri,1
cpp-boost-url,javascript-fast-url-parser,1
cpp-boost-url,javascript-jsuri,1
cpp-boost-url,javascript-legacy,1
cpp-boost-url,javascript-parse-uri,1
cpp-boost-url,javascript-parse-url,1
cpp-boost-url,javascript-parseuri,1
cpp-boost-url,javascript-smithy,1
cpp-boost-url,javascript-uri-js,1
cpp-boost-url,javascript-uri-parser,1
cpp-boost-url,javascript-urijs,1
cpp-boost-url,javascript-url-parse,1
cpp-boost-url,javascript-url-toolkit,1
cpp-boost-url,javascript-whatwg,1
cpp-boost-url,perl-mojo-url,1
cpp-boost-url,perl-uri,1
cpp-boost-url,php-amphp-uri,1
cpp-boost-url,php-guzzle-psr7,1
cpp-boost-url,php-laminas,1
cpp-boost-url,php-league,1
cpp-boost-url,php-ml-iri,1
cpp-boost-url,php-nette-http,1
cpp-boost-url,php-opis-uri,1
cpp-boost-url,php-parseurl,1
cpp-boost-url,php-pear-net-url2,1
cpp-boost-url,php-phrity-net-uri,1
cpp-boost-url,php-sabre,1
cpp-boost-url,php-spatie,1
cpp-boost-url,python-ada-url,1
cpp-boost-url,python-furl,1
cpp-boost-url,python-httpx,1
cpp-boost-url,python-hyperlink,1
cpp-boost-url,python-lazr-uri,1
cpp-boost-url,python-mdurl,1
cpp-boost-url,python-purl,1
cpp-boost-url,python-rfc3986,1
cpp-boost-url,python-uritools,1
cpp-boost-url,python-urllib3,1
cpp-boost-url,python-yarl,1
cpp-boost-url,r-httr2,1
cpp-boost-url,r-urlparse,1
cpp-boost-url,r-urltools,1
cpp-boost-url,ruby-addressable,1
cpp-boost-url,ruby-uri,1
cpp-boost-url,rust-fluent-uri,1
cpp-boost-url,rust-hyper-uri,1
cpp-boost-url,rust-iref,1
cpp-boost-url,rust-reqwest,1
cpp-boost-url,rust-uriparse,1
cpp-boost-url,rust-url,1
cpp-boost-url,rust-urlparse,1
cpp-boost-url,swift-url,1
cpp-boost-url,swift-urlcomponents,1
cpp-boost-url,swift-weburl,1
cpp-boost-url,zig-std-uri,1
cpp-guri,ada-uri-mime,1
cpp-guri,bin-aria2,1
cpp-guri,bin-trurl,1
cpp-guri,bin-wget,1
cpp-guri,clojure-uri,1
cpp-guri,cpp-ada-url,1
cpp-guri,cpp-boost-url,1
cpp-guri,cpp-http-parser,1
cpp-guri,cpp-libcurl,1
cpp-guri,cpp-poco-uri,1
cpp-guri,cpp-qurl-strict,1
cpp-guri,cpp-qurl-tolerant,1
cpp-guri,cpp-uriparser,1
cpp-guri,cpp-url-c-rfc,1
cpp-guri,cpp-url-c-whatwg,1
cpp-guri,crystal-uri,1
cpp-guri,csharp-anglesharp,1
cpp-guri,csharp-flurl,1
cpp-guri,csharp-systemuri,1
cpp-guri,dart-core,1
cpp-guri,elixir-ex_url,1
cpp-guri,elixir-uri,1
cpp-guri,erlang-hackney-url,1
cpp-guri,erlang-ibrowse-lib,1
cpp-guri,erlang-uri-string,1
cpp-guri,go-net,1
cpp-guri,haskell-http-client,1
cpp-guri,haskell-http-conduit,1
cpp-guri,haskell-modern-uri,1
cpp-guri,haskell-network-uri,1
cpp-guri,haskell-uri-bytestring,1
cpp-guri,java-apache-httpclient,1
cpp-guri,java-galimatias,1
cpp-guri,java-netty,1
cpp-guri,java-okhttp,1
cpp-guri,java-spring-web,1
cpp-guri,java-uri,1
cpp-guri,java-url,1
cpp-guri,javascript-deno,1
cpp-guri,javascript-domurl,1
cpp-guri,javascript-fast-uri,1
cpp-guri,javascript-fast-url-parser,1
cpp-guri,javascript-jsuri,1
cpp-guri,javascript-legacy,1
cpp-guri,javascript-parse-uri,1
cpp-guri,javascript-parse-url,1
cpp-guri,javascript-parseuri,1
cpp-guri,javascript-smithy,1
cpp-guri,javascript-uri-js,1
cpp-guri,javascript-uri-parser,1
cpp-guri,javascript-urijs,1
cpp-guri,javascript-url-parse,1
cpp-guri,javascript-url-toolkit,1
cpp-guri,javascript-whatwg,1
cpp-guri,perl-mojo-url,1
cpp-guri,perl-uri,1
cpp-guri,php-amphp-uri,1
cpp-guri,php-guzzle-psr7,1
cpp-guri,php-laminas,1
cpp-guri,php-league,1
cpp-guri,php-ml-iri,1
cpp-guri,php-nette-http,1
cpp-guri,php-opis-uri,1
cpp-guri,php-parseurl,1
cpp-guri,php-pear-net-url2,1
cpp-guri,php-phrity-net-uri,1
cpp-guri,php-sabre,1
cpp-guri,php-spatie,1
cpp-guri,python-ada-url,1
cpp-guri,python-furl,1
cpp-guri,python-httpx,1
cpp-guri,python-hyperlink,1
cpp-guri,python-lazr-uri,1
cpp-guri,python-mdurl,1
cpp-guri,python-purl,1
cpp-guri,python-rfc3986,1
cpp-guri,python-uritools,1
cpp-guri,python-urllib3,1
cpp-guri,python-yarl,1
cpp-guri,r-httr2,1
cpp-guri,r-urlparse,1
cpp-guri,r-urltools,1
cpp-guri,ruby-addressable,1
cpp-guri,ruby-uri,1
cpp-guri,rust-fluent-uri,1
cpp-guri,rust-hyper-uri,1
cpp-guri,rust-iref,1
cpp-guri,rust-reqwest,1
cpp-guri,rust-uriparse,1
cpp-guri,rust-url,1
cpp-guri,rust-urlparse,1
cpp-guri,swift-url,1
cpp-guri,swift-urlcomponents,1
cpp-guri,swift-weburl,1
cpp-guri,zig-std-uri,1
cpp-http-parser,ada-uri-mime,1
cpp-http-parser,bin-aria2,1
cpp-http-parser,bin-trurl,1
cpp-http-parser,bin-wget,1
cpp-http-parser,clojure-uri,1
cpp-http-parser,cpp-ada-url,1
cpp-http-parser,cpp-boost-url,1
cpp-http-parser,cpp-guri,1
cpp-http-parser,cpp-libcurl,1
cpp-http-parser,cpp-poco-uri,1
cpp-http-parser,cpp-qurl-strict,1
cpp-http-parser,cpp-qurl-tolerant,1
cpp-http-parser,cpp-uriparser,1
cpp-http-parser,cpp-url-c-rfc,1
cpp-http-parser,cpp-url-c-whatwg,1
cpp-http-parser,crystal-uri,1
cpp-http-parser,csharp-anglesharp,1
cpp-http-parser,csharp-flurl,1
cpp-http-parser,csharp-systemuri,1
cpp-http-parser,dart-core,1
cpp-http-parser,elixir-ex_url,1
cpp-http-parser,elixir-uri,1
cpp-http-parser,erlang-hackney-url,1
cpp-http-parser,erlang-ibrowse-lib,1
cpp-http-parser,erlang-uri-string,1
cpp-http-parser,go-net,1
cpp-http-parser,haskell-http-client,1
cpp-http-parser,haskell-http-conduit,1
cpp-http-parser,haskell-modern-uri,1
cpp-http-parser,haskell-network-uri,1
cpp-http-parser,haskell-uri-bytestring,1
cpp-http-parser,java-apache-httpclient,1
cpp-http-parser,java-galimatias,1
cpp-http-parser,java-netty,1
cpp-http-parser,java-okhttp,1
cpp-http-parser,java-spring-web,1
cpp-http-parser,java-uri,1
cpp-http-parser,java-url,1
cpp-http-parser,javascript-deno,1
cpp-http-parser,javascript-domurl,1
cpp-http-parser,javascript-fast-uri,1
cpp-http-parser,javascript-fast-url-parser,1
cpp-http-parser,javascript-jsuri,1
cpp-http-parser,javascript-legacy,1
cpp-http-parser,javascript-parse-uri,1
cpp-http-parser,javascript-parse-url,1
cpp-http-parser,javascript-parseuri,1
cpp-http-parser,javascript-smithy,1
cpp-http-parser,javascript-uri-js,1
cpp-http-parser,javascript-uri-parser,1
cpp-http-parser,javascript-urijs,1
cpp-http-parser,javascript-url-parse,1
cpp-http-parser,javascript-url-toolkit,1
cpp-http-parser,javascript-whatwg,1
cpp-http-parser,perl-mojo-url,1
cpp-http-parser,perl-uri,1
cpp-http-parser,php-amphp-uri,1
cpp-http-parser,php-guzzle-psr7,1
cpp-http-parser,php-laminas,1
cpp-http-parser,php-league,1
cpp-http-parser,php-ml-iri,1
cpp-http-parser,php-nette-http,1
cpp-http-parser,php-opis-uri,1
cpp-http-parser,php-parseurl,1
cpp-http-parser,php-pear-net-url2,1
cpp-http-parser,php-phrity-net-uri,1
cpp-http-parser,php-sabre,1
cpp-http-parser,php-spatie,1
cpp-http-parser,python-ada-url,1
cpp-http-parser,python-furl,1
cpp-http-parser,python-httpx,1
cpp-http-parser,python-hyperlink,1
cpp-http-parser,python-lazr-uri,1
cpp-http-parser,python-mdurl,1
cpp-http-parser,python-purl,1
cpp-http-parser,python-rfc3986,1
cpp-http-parser,python-uritools,1
cpp-http-parser,python-urllib3,1
cpp-http-parser,python-yarl,1
cpp-http-parser,r-httr2,1
cpp-http-parser,r-urlparse,1
cpp-http-parser,r-urltools,1
cpp-http-parser,ruby-addressable,1
cpp-http-parser,ruby-uri,1
cpp-http-parser,rust-fluent-uri,1
cpp-http-parser,rust-hyper-uri,1
cpp-http-parser,rust-iref,1
cpp-http-parser,rust-reqwest,1
cpp-http-parser,rust-uriparse,1
cpp-http-parser,rust-url,1
cpp-http-parser,rust-urlparse,1
cpp-http-parser,swift-url,1
cpp-http-parser,swift-urlcomponents,1
cpp-http-parser,swift-weburl,1
cpp-http-parser,zig-std-uri,1
cpp-libcurl,ada-uri-mime,1
cpp-libcurl,bin-aria2,1
cpp-libcurl,bin-trurl,1
cpp-libcurl,bin-wget,1
cpp-libcurl,clojure-uri,1
cpp-libcurl,cpp-ada-url,1
cpp-libcurl,cpp-boost-url,1
cpp-libcurl,cpp-guri,1
cpp-libcurl,cpp-http-parser,1
cpp-libcurl,cpp-poco-uri,1
cpp-libcurl,cpp-qurl-strict,1
cpp-libcurl,cpp-qurl-tolerant,1
cpp-libcurl,cpp-uriparser,1
cpp-libcurl,cpp-url-c-rfc,1
cpp-libcurl,cpp-url-c-whatwg,1
cpp-libcurl,crystal-uri,1
cpp-libcurl,csharp-anglesharp,1
cpp-libcurl,csharp-flurl,1
cpp-libcurl,csharp-systemuri,1
cpp-libcurl,dart-core,1
cpp-libcurl,elixir-ex_url,1
cpp-libcurl,elixir-uri,1
cpp-libcurl,erlang-hackney-url,1
cpp-libcurl,erlang-ibrowse-lib,1
cpp-libcurl,erlang-uri-string,1
cpp-libcurl,go-net,1
cpp-libcurl,haskell-http-client,1
cpp-libcurl,haskell-http-conduit,1
cpp-libcurl,haskell-modern-uri,1
cpp-libcurl,haskell-network-uri,1
cpp-libcurl,haskell-uri-bytestring,1
cpp-libcurl,java-apache-httpclient,1
cpp-libcurl,java-galimatias,1
cpp-libcurl,java-netty,1
cpp-libcurl,java-okhttp,1
cpp-libcurl,java-spring-web,1
cpp-libcurl,java-uri,1
cpp-libcurl,java-url,1
cpp-libcurl,javascript-deno,1
cpp-libcurl,javascript-domurl,1
cpp-libcurl,javascript-fast-uri,1
cpp-libcurl,javascript-fast-url-parser,1
cpp-libcurl,javascript-jsuri,1
cpp-libcurl,javascript-legacy,1
cpp-libcurl,javascript-parse-uri,1
cpp-libcurl,javascript-parse-url,1
cpp-libcurl,javascript-parseuri,1
cpp-libcurl,javascript-smithy,1
cpp-libcurl,javascript-uri-js,1
cpp-libcurl,javascript-uri-parser,1
cpp-libcurl,javascript-urijs,1
cpp-libcurl,javascript-url-parse,1
cpp-libcurl,javascript-url-toolkit,1
cpp-libcurl,javascript-whatwg,1
cpp-libcurl,perl-mojo-url,1
cpp-libcurl,perl-uri,1
cpp-libcurl,php-amphp-uri,1
cpp-libcurl,php-guzzle-psr7,1
cpp-libcurl,php-laminas,1
cpp-libcurl,php-league,1
cpp-libcurl,php-ml-iri,1
cpp-libcurl,php-nette-http,1
cpp-libcurl,php-opis-uri,1
cpp-libcurl,php-parseurl,1
cpp-libcurl,php-pear-net-url2,1
cpp-libcurl,php-phrity-net-uri,1
cpp-libcurl,php-sabre,1
cpp-libcurl,php-spatie,1
cpp-libcurl,python-ada-url,1
cpp-libcurl,python-furl,1
cpp-libcurl,python-httpx,1
cpp-libcurl,python-hyperlink,1
cpp-libcurl,python-lazr-uri,1
cpp-libcurl,python-mdurl,1
cpp-libcurl,python-purl,1
cpp-libcurl,python-rfc3986,1
cpp-libcurl,python-uritools,1
cpp-libcurl,python-urllib3,1
cpp-libcurl,python-yarl,1
cpp-libcurl,r-httr2,1
cpp-libcurl,r-urlparse,1
cpp-libcurl,r-urltools,1
cpp-libcurl,ruby-addressable,1
cpp-libcurl,ruby-uri,1
cpp-libcurl,rust-fluent-uri,1
cpp-libcurl,rust-hyper-uri,1
cpp-libcurl,rust-iref,1
cpp-libcurl,rust-reqwest,1
cpp-libcurl,rust-uriparse,1
cpp-libcurl,rust-url,1
cpp-libcurl,rust-urlparse,1
cpp-libcurl,swift-url,1
cpp-libcurl,swift-urlcomponents,1
cpp-libcurl,swift-weburl,1
cpp-libcurl,zig-std-uri,1
cpp-poco-uri,ada-uri-mime,1
cpp-poco-uri,bin-aria2,1
cpp-poco-uri,bin-trurl,1
cpp-poco-uri,bin-wget,1
cpp-poco-uri,clojure-uri,1
cpp-poco-uri,cpp-ada-url,1
cpp-poco-uri,cpp-boost-url,1
cpp-poco-uri,cpp-guri,1
cpp-poco-uri,cpp-http-parser,1
cpp-poco-uri,cpp-libcurl,1
cpp-poco-uri,cpp-qurl-strict,1
cpp-poco-uri,cpp-qurl-tolerant,1
cpp-poco-uri,cpp-uriparser,1
cpp-poco-uri,cpp-url-c-rfc,1
cpp-poco-uri,cpp-url-c-whatwg,1
cpp-poco-uri,crystal-uri,1
cpp-poco-uri,csharp-anglesharp,1
cpp-poco-uri,csharp-flurl,1
cpp-poco-uri,csharp-systemuri,1
cpp-poco-uri,dart-core,1
cpp-poco-uri,elixir-ex_url,1
cpp-poco-uri,elixir-uri,1
cpp-poco-uri,erlang-hackney-url,1
cpp-poco-uri,erlang-ibrowse-lib,1
cpp-poco-uri,erlang-uri-string,1
cpp-poco-uri,go-net,1
cpp-poco-uri,haskell-http-client,1
cpp-poco-uri,haskell-http-conduit,1
cpp-poco-uri,haskell-modern-uri,1
cpp-poco-uri,haskell-network-uri,1
cpp-poco-uri,haskell-uri-bytestring,1
cpp-poco-uri,java-apache-httpclient,1
cpp-poco-uri,java-galimatias,1
cpp-poco-uri,java-netty,1
cpp-poco-uri,java-okhttp,1
cpp-poco-uri,java-spring-web,1
cpp-poco-uri,java-uri,1
cpp-poco-uri,java-url,1
cpp-poco-uri,javascript-deno,1
cpp-poco-uri,javascript-domurl,1
cpp-poco-uri,javascript-fast-uri,1
cpp-poco-uri,javascript-fast-url-parser,1
cpp-poco-uri,javascript-jsuri,1
cpp-poco-uri,javascript-legacy,1
cpp-poco-uri,javascript-parse-uri,1
cpp-poco-uri,javascript-parse-url,1
cpp-poco-uri,javascript-parseuri,1
cpp-poco-uri,javascript-smithy,1
cpp-poco-uri,javascript-uri-js,1
cpp-poco-uri,javascript-uri-parser,1
cpp-poco-uri,javascript-urijs,1
cpp-poco-uri,javascript-url-parse,1
cpp-poco-uri,javascript-url-toolkit,1
cpp-poco-uri,javascript-whatwg,1
cpp-poco-uri,perl-mojo-url,1
cpp-poco-uri,perl-uri,1
cpp-poco-uri,php-amphp-uri,1
cpp-poco-uri,php-guzzle-psr7,1
cpp-poco-uri,php-laminas,1
cpp-poco-uri,php-league,1
cpp-poco-uri,php-ml-iri,1
cpp-poco-uri,php-nette-http,1
cpp-poco-uri,php-opis-uri,1
cpp-poco-uri,php-parseurl,1
cpp-poco-uri,php-pear-net-url2,1
cpp-poco-uri,php-phrity-net-uri,1
cpp-poco-uri,php-sabre,1
cpp-poco-uri,php-spatie,1
cpp-poco-uri,python-ada-url,1
cpp-poco-uri,python-furl,1
cpp-poco-uri,python-httpx,1
cpp-poco-uri,python-hyperlink,1
cpp-poco-uri,python-lazr-uri,1
cpp-poco-uri,python-mdurl,1
cpp-poco-uri,python-purl,1
cpp-poco-uri,python-rfc3986,1
cpp-poco-uri,python-uritools,1
cpp-poco-uri,python-urllib3,1
cpp-poco-uri,python-yarl,1
cpp-poco-uri,r-httr2,1
cpp-poco-uri,r-urlparse,1
cpp-poco-uri,r-urltools,1
cpp-poco-uri,ruby-addressable,1
cpp-poco-uri,ruby-uri,1
cpp-poco-uri,rust-fluent-uri,1
cpp-poco-uri,rust-hyper-uri,1
cpp-poco-uri,rust-iref,1
cpp-poco-uri,rust-reqwest,1
cpp-poco-uri,rust-uriparse,1
cpp-poco-uri,rust-url,1
cpp-poco-uri,rust-urlparse,1
cpp-poco-uri,swift-url,1
cpp-poco-uri,swift-urlcomponents,1
cpp-poco-uri,swift-weburl,1
cpp-poco-uri,zig-std-uri,1
cpp-qurl-strict,ada-uri-mime,1
cpp-qurl-strict,bin-aria2,1
cpp-qurl-strict,bin-trurl,1
cpp-qurl-strict,bin-wget,1
cpp-qurl-strict,clojure-uri,1
cpp-qurl-strict,cpp-ada-url,1
cpp-qurl-strict,cpp-boost-url,1
cpp-qurl-strict,cpp-guri,1
cpp-qurl-strict,cpp-http-parser,1
cpp-qurl-strict,cpp-libcurl,1
cpp-qurl-strict,cpp-poco-uri,1
cpp-qurl-strict,cpp-qurl-tolerant,1
cpp-qurl-strict,cpp-uriparser,1
cpp-qurl-strict,cpp-url-c-rfc,1
cpp-qurl-strict,cpp-url-c-whatwg,1
cpp-qurl-strict,crystal-uri,1
cpp-qurl-strict,csharp-anglesharp,1
cpp-qurl-strict,csharp-flurl,1
cpp-qurl-strict,csharp-systemuri,1
cpp-qurl-strict,dart-core,1
cpp-qurl-strict,elixir-ex_url,1
cpp-qurl-strict,elixir-uri,1
cpp-qurl-strict,erlang-hackney-url,1
cpp-qurl-strict,erlang-ibrowse-lib,1
cpp-qurl-strict,erlang-uri-string,1
cpp-qurl-strict,go-net,1
cpp-qurl-strict,haskell-http-client,1
cpp-qurl-strict,haskell-http-conduit,1
cpp-qurl-strict,haskell-modern-uri,1
cpp-qurl-strict,haskell-network-uri,1
cpp-qurl-strict,haskell-uri-bytestring,1
cpp-qurl-strict,java-apache-httpclient,1
cpp-qurl-strict,java-galimatias,1
cpp-qurl-strict,java-netty,1
cpp-qurl-strict,java-okhttp,1
cpp-qurl-strict,java-spring-web,1
cpp-qurl-strict,java-uri,1
cpp-qurl-strict,java-url,1
cpp-qurl-strict,javascript-deno,1
cpp-qurl-strict,javascript-domurl,1
cpp-qurl-strict,javascript-fast-uri,1
cpp-qurl-strict,javascript-fast-url-parser,1
cpp-qurl-strict,javascript-jsuri,1
cpp-qurl-strict,javascript-legacy,1
cpp-qurl-strict,javascript-parse-uri,1
cpp-qurl-strict,javascript-parse-url,1
cpp-qurl-strict,javascript-parseuri,1
cpp-qurl-strict,javascript-smithy,1
cpp-qurl-strict,javascript-uri-js,1
cpp-qurl-strict,javascript-uri-parser,1
cpp-qurl-strict,javascript-urijs,1
cpp-qurl-strict,javascript-url-parse,1
cpp-qurl-strict,javascript-url-toolkit,1
cpp-qurl-strict,javascript-whatwg,1
cpp-qurl-strict,perl-mojo-url,1
cpp-qurl-strict,perl-uri,1
cpp-qurl-strict,php-amphp-uri,1
cpp-qurl-strict,php-guzzle-psr7,1
cpp-qurl-strict,php-laminas,1
cpp-qurl-strict,php-league,1
cpp-qurl-strict,php-ml-iri,1
cpp-qurl-strict,php-nette-http,1
cpp-qurl-strict,php-opis-uri,1
cpp-qurl-strict,php-parseurl,1
cpp-qurl-strict,php-pear-net-url2,1
cpp-qurl-strict,php-phrity-net-uri,1
cpp-qurl-strict,php-sabre,1
cpp-qurl-strict,php-spatie,1
cpp-qurl-strict,python-ada-url,1
cpp-qurl-strict,python-furl,1
cpp-qurl-strict,python-httpx,1
cpp-qurl-strict,python-hyperlink,1
cpp-qurl-strict,python-lazr-uri,1
cpp-qurl-strict,python-mdurl,1
cpp-qurl-strict,python-purl,1
cpp-qurl-strict,python-rfc3986,1
cpp-qurl-strict,python-uritools,1
cpp-qurl-strict,python-urllib3,1
cpp-qurl-strict,python-yarl,1
cpp-qurl-strict,r-httr2,1
cpp-qurl-strict,r-urlparse,1
cpp-qurl-strict,r-urltools,1
cpp-qurl-strict,ruby-addressable,1
cpp-qurl-strict,ruby-uri,1
cpp-qurl-strict,rust-fluent-uri,1
cpp-qurl-strict,rust-hyper-uri,1
cpp-qurl-strict,rust-iref,1
cpp-qurl-strict,rust-reqwest,1
cpp-qurl-strict,rust-uriparse,1
cpp-qurl-strict,rust-url,1
cpp-qurl-strict,rust-urlparse,1
cpp-qurl-strict,swift-url,1
cpp-qurl-strict,swift-urlcomponents,1
cpp-qurl-strict,swift-weburl,1
cpp-qurl-strict,zig-std-uri,1
cpp-qurl-tolerant,ada-uri-mime,1
cpp-qurl-tolerant,bin-aria2,1
cpp-qurl-tolerant,bin-trurl,0
cpp-qurl-tolerant,bin-wget,1
cpp-qurl-tolerant,clojure-uri,1
cpp-qurl-tolerant,cpp-ada-url,1
cpp-qurl-tolerant,cpp-boost-url,1
cpp-qurl-tolerant,cpp-guri,1
cpp-qurl-tolerant,cpp-http-parser,1
cpp-qurl-tolerant,cpp-libcurl,1
cpp-qurl-tolerant,cpp-poco-uri,1
cpp-qurl-tolerant,cpp-qurl-strict,1
cpp-qurl-tolerant,cpp-uriparser,1
cpp-qurl-tolerant,cpp-url-c-rfc,1
cpp-qurl-tolerant,cpp-url-c-whatwg,1
cpp-qurl-tolerant,crystal-uri,1
cpp-qurl-tolerant,csharp-anglesharp,1
cpp-qurl-tolerant,csharp-flurl,1
cpp-qurl-tolerant,csharp-systemuri,1
cpp-qurl-tolerant,dart-core,1
cpp-qurl-tolerant,elixir-ex_url,1
cpp-qurl-tolerant,elixir-uri,1
cpp-qurl-tolerant,erlang-hackney-url,1
cpp-qurl-tolerant,erlang-ibrowse-lib,1
cpp-qurl-tolerant,erlang-uri-string,1
cpp-qurl-tolerant,go-net,1
cpp-qurl-tolerant,haskell-http-client,1
cpp-qurl-tolerant,haskell-http-conduit,1
cpp-qurl-tolerant,haskell-modern-uri,1
cpp-qurl-tolerant,haskell-network-uri,1
cpp-qurl-tolerant,haskell-uri-bytestring,1
cpp-qurl-tolerant,java-apache-httpclient,1
cpp-qurl-tolerant,java-galimatias,1
cpp-qurl-tolerant,java-netty,1
cpp-qurl-tolerant,java-okhttp,1
cpp-qurl-tolerant,java-spring-web,1
cpp-qurl-tolerant,java-uri,1
cpp-qurl-tolerant,java-url,1
cpp-qurl-tolerant,javascript-deno,1
cpp-qurl-tolerant,javascript-domurl,1
cpp-qurl-tolerant,javascript-fast-uri,1
cpp-qurl-tolerant,javascript-fast-url-parser,1
cpp-qurl-tolerant,javascript-jsuri,1
cpp-qurl-tolerant,javascript-legacy,1
cpp-qurl-tolerant,javascript-parse-uri,0
cpp-qurl-tolerant,javascript-parse-url,1
cpp-qurl-tolerant,javascript-parseuri,0
cpp-qurl-tolerant,javascript-smithy,1
cpp-qurl-tolerant,javascript-uri-js,0
cpp-qurl-tolerant,javascript-uri-parser,0
cpp-qurl-tolerant,javascript-urijs,1
cpp-qurl-tolerant,javascript-url-parse,1
cpp-qurl-tolerant,javascript-url-toolkit,0
cpp-qurl-tolerant,javascript-whatwg,1
cpp-qurl-tolerant,perl-mojo-url,1
cpp-qurl-tolerant,perl-uri,1
cpp-qurl-tolerant,php-amphp-uri,1
cpp-qurl-tolerant,php-guzzle-psr7,1
cpp-qurl-tolerant,php-laminas,1
cpp-qurl-tolerant,php-league,1
cpp-qurl-tolerant,php-ml-iri,0
cpp-qurl-tolerant,php-nette-http,1
cpp-qurl-tolerant,php-opis-uri,1
cpp-qurl-tolerant,php-parseurl,1
cpp-qurl-tolerant,php-pear-net-url2,0
cpp-qurl-tolerant,php-phrity-net-uri,1
cpp-qurl-tolerant,php-sabre,1
cpp-qurl-tolerant,php-spatie,1
cpp-qurl-tolerant,python-ada-url,1
cpp-qurl-tolerant,python-furl,1
cpp-qurl-tolerant,python-httpx,1
cpp-qurl-tolerant,python-hyperlink,1
cpp-qurl-tolerant,python-lazr-uri,1
cpp-qurl-tolerant,python-mdurl,0
cpp-qurl-tolerant,python-purl,1
cpp-qurl-tolerant,python-rfc3986,1
cpp-qurl-tolerant,python-uritools,1
cpp-qurl-tolerant,python-urllib3,1
cpp-qurl-tolerant,python-yarl,1
cpp-qurl-tolerant,r-httr2,1
cpp-qurl-tolerant,r-urlparse,1
cpp-qurl-tolerant,r-urltools,0
cpp-qurl-tolerant,ruby-addressable,1
cpp-qurl-tolerant,ruby-uri,1
cpp-qurl-tolerant,rust-fluent-uri,1
cpp-qurl-tolerant,rust-hyper-uri,1
cpp-qurl-tolerant,rust-iref,1
cpp-qurl-tolerant,rust-reqwest,1
cpp-qurl-tolerant,rust-uriparse,1
cpp-qurl-tolerant,rust-url,1
cpp-qurl-tolerant,rust-urlparse,0
cpp-qurl-tolerant,swift-url,1
cpp-qurl-tolerant,swift-urlcomponents,1
cpp-qurl-tolerant,swift-weburl,1
cpp-qurl-tolerant,zig-std-uri,1
cpp-uriparser,ada-uri-mime,1
cpp-uriparser,bin-aria2,1
cpp-uriparser,bin-trurl,1
cpp-uriparser,bin-wget,1
cpp-uriparser,clojure-uri,1
cpp-uriparser,cpp-ada-url,1
cpp-uriparser,cpp-boost-url,1
cpp-uriparser,cpp-guri,1
cpp-uriparser,cpp-http-parser,1
cpp-uriparser,cpp-libcurl,1
cpp-uriparser,cpp-poco-uri,1
cpp-uriparser,cpp-qurl-strict,1
cpp-uriparser,cpp-qurl-tolerant,1
cpp-uriparser,cpp-url-c-rfc,1
cpp-uriparser,cpp-url-c-whatwg,1
cpp-uriparser,crystal-uri,1
cpp-uriparser,csharp-anglesharp,1
cpp-uriparser,csharp-flurl,1
cpp-uriparser,csharp-systemuri,1
cpp-uriparser,dart-core,1
cpp-uriparser,elixir-ex_url,1
cpp-uriparser,elixir-uri,1
cpp-uriparser,erlang-hackney-url,1
cpp-uriparser,erlang-ibrowse-lib,1
cpp-uriparser,erlang-uri-string,1
cpp-uriparser,go-net,1
cpp-uriparser,haskell-http-client,1
cpp-uriparser,haskell-http-conduit,1
cpp-uriparser,haskell-modern-uri,1
cpp-uriparser,haskell-network-uri,1
cpp-uriparser,haskell-uri-bytestring,1
cpp-uriparser,java-apache-httpclient,1
cpp-uriparser,java-galimatias,1
cpp-uriparser,java-netty,1
cpp-uriparser,java-okhttp,1
cpp-uriparser,java-spring-web,1
cpp-uriparser,java-uri,1
cpp-uriparser,java-url,1
cpp-uriparser,javascript-deno,1
cpp-uriparser,javascript-domurl,1
cpp-uriparser,javascript-fast-uri,1
cpp-uriparser,javascript-fast-url-parser,1
cpp-uriparser,javascript-jsuri,1
cpp-uriparser,javascript-legacy,1
cpp-uriparser,javascript-parse-uri,1
cpp-uriparser,javascript-parse-url,1
cpp-uriparser,javascript-parseuri,1
cpp-uriparser,javascript-smithy,1
cpp-uriparser,javascript-uri-js,1
cpp-uriparser,javascript-uri-parser,1
cpp-uriparser,javascript-urijs,1
cpp-uriparser,javascript-url-parse,1
cpp-uriparser,javascript-url-toolkit,1
cpp-uriparser,javascript-whatwg,1
cpp-uriparser,perl-mojo-url,1
cpp-uriparser,perl-uri,1
cpp-uriparser,php-amphp-uri,1
cpp-uriparser,php-guzzle-psr7,1
cpp-uriparser,php-laminas,1
cpp-uriparser,php-league,1
cpp-uriparser,php-ml-iri,1
cpp-uriparser,php-nette-http,1
cpp-uriparser,php-opis-uri,1
cpp-uriparser,php-parseurl,1
cpp-uriparser,php-pear-net-url2,1
cpp-uriparser,php-phrity-net-uri,1
cpp-uriparser,php-sabre,1
cpp-uriparser,php-spatie,1
cpp-uriparser,python-ada-url,1
cpp-uriparser,python-furl,1
cpp-uriparser,python-httpx,1
cpp-uriparser,python-hyperlink,1
cpp-uriparser,python-lazr-uri,1
cpp-uriparser,python-mdurl,1
cpp-uriparser,python-purl,1
cpp-uriparser,python-rfc3986,1
cpp-uriparser,python-uritools,1
cpp-uriparser,python-urllib3,1
cpp-uriparser,python-yarl,1
cpp-uriparser,r-httr2,1
cpp-uriparser,r-urlparse,1
cpp-uriparser,r-urltools,1
cpp-uriparser,ruby-addressable,1
cpp-uriparser,ruby-uri,1
cpp-uriparser,rust-fluent-uri,1
cpp-uriparser,rust-hyper-uri,1
cpp-uriparser,rust-iref,1
cpp-uriparser,rust-reqwest,1
cpp-uriparser,rust-uriparse,1
cpp-uriparser,rust-url,1
cpp-uriparser,rust-urlparse,1
cpp-uriparser,swift-url,1
cpp-uriparser,swift-urlcomponents,1
cpp-uriparser,swift-weburl,1
cpp-uriparser,zig-std-uri,1
cpp-url-c-rfc,ada-uri-mime,1
cpp-url-c-rfc,bin-aria2,1
cpp-url-c-rfc,bin-trurl,1
cpp-url-c-rfc,bin-wget,1
cpp-url-c-rfc,clojure-uri,1
cpp-url-c-rfc,cpp-ada-url,1
cpp-url-c-rfc,cpp-boost-url,1
cpp-url-c-rfc,cpp-guri,1
cpp-url-c-rfc,cpp-http-parser,1
cpp-url-c-rfc,cpp-libcurl,1
cpp-url-c-rfc,cpp-poco-uri,1
cpp-url-c-rfc,cpp-qurl-strict,1
cpp-url-c-rfc,cpp-qurl-tolerant,1
cpp-url-c-rfc,cpp-uriparser,1
cpp-url-c-rfc,cpp-url-c-whatwg,1
cpp-url-c-rfc,crystal-uri,1
cpp-url-c-rfc,csharp-anglesharp,1
cpp-url-c-rfc,csharp-flurl,1
cpp-url-c-rfc,csharp-systemuri,1
cpp-url-c-rfc,dart-core,1
cpp-url-c-rfc,elixir-ex_url,1
cpp-url-c-rfc,elixir-uri,1
cpp-url-c-rfc,erlang-hackney-url,1
cpp-url-c-rfc,erlang-ibrowse-lib,1
cpp-url-c-rfc,erlang-uri-string,1
cpp-url-c-rfc,go-net,1
cpp-url-c-rfc,haskell-http-client,1
cpp-url-c-rfc,haskell-http-conduit,1
cpp-url-c-rfc,haskell-modern-uri,1
cpp-url-c-rfc,haskell-network-uri,1
cpp-url-c-rfc,haskell-uri-bytestring,1
cpp-url-c-rfc,java-apache-httpclient,1
cpp-url-c-rfc,java-galimatias,1
cpp-url-c-rfc,java-netty,1
cpp-url-c-rfc,java-okhttp,1
cpp-url-c-rfc,java-spring-web,1
cpp-url-c-rfc,java-uri,1
cpp-url-c-rfc,java-url,1
cpp-url-c-rfc,javascript-deno,1
cpp-url-c-rfc,javascript-domurl,1
cpp-url-c-rfc,javascript-fast-uri,1
cpp-url-c-rfc,javascript-fast-url-parser,1
cpp-url-c-rfc,javascript-jsuri,1
cpp-url-c-rfc,javascript-legacy,1
cpp-url-c-rfc,javascript-parse-uri,1
cpp-url-c-rfc,javascript-parse-url,1
cpp-url-c-rfc,javascript-parseuri,1
cpp-url-c-rfc,javascript-smithy,1
cpp-url-c-rfc,javascript-uri-js,1
cpp-url-c-rfc,javascript-uri-parser,1
cpp-url-c-rfc,javascript-urijs,1
cpp-url-c-rfc,javascript-url-parse,1
cpp-url-c-rfc,javascript-url-toolkit,1
cpp-url-c-rfc,javascript-whatwg,1
cpp-url-c-rfc,perl-mojo-url,1
cpp-url-c-rfc,perl-uri,1
cpp-url-c-rfc,php-amphp-uri,1
cpp-url-c-rfc,php-guzzle-psr7,1
cpp-url-c-rfc,php-laminas,1
cpp-url-c-rfc,php-league,1
cpp-url-c-rfc,php-ml-iri,1
cpp-url-c-rfc,php-nette-http,1
cpp-url-c-rfc,php-opis-uri,1
cpp-url-c-rfc,php-parseurl,1
cpp-url-c-rfc,php-pear-net-url2,1
cpp-url-c-rfc,php-phrity-net-uri,1
cpp-url-c-rfc,php-sabre,1
cpp-url-c-rfc,php-spatie,1
cpp-url-c-rfc,python-ada-url,1
cpp-url-c-rfc,python-furl,1
cpp-url-c-rfc,python-httpx,1
cpp-url-c-rfc,python-hyperlink,1
cpp-url-c-rfc,python-lazr-uri,1
cpp-url-c-rfc,python-mdurl,1
cpp-url-c-rfc,python-purl,1
cpp-url-c-rfc,python-rfc3986,1
cpp-url-c-rfc,python-uritools,1
cpp-url-c-rfc,python-urllib3,1
cpp-url-c-rfc,python-yarl,1
cpp-url-c-rfc,r-httr2,1
cpp-url-c-rfc,r-urlparse,1
cpp-url-c-rfc,r-urltools,1
cpp-url-c-rfc,ruby-addressable,1
cpp-url-c-rfc,ruby-uri,1
cpp-url-c-rfc,rust-fluent-uri,1
cpp-url-c-rfc,rust-hyper-uri,1
cpp-url-c-rfc,rust-iref,1
cpp-url-c-rfc,rust-reqwest,1
cpp-url-c-rfc,rust-uriparse,1
cpp-url-c-rfc,rust-url,1
cpp-url-c-rfc,rust-urlparse,1
cpp-url-c-rfc,swift-url,1
cpp-url-c-rfc,swift-urlcomponents,1
cpp-url-c-rfc,swift-weburl,1
cpp-url-c-rfc,zig-std-uri,1
cpp-url-c-whatwg,ada-uri-mime,1
cpp-url-c-whatwg,bin-aria2,1
cpp-url-c-whatwg,bin-trurl,1
cpp-url-c-whatwg,bin-wget,1
cpp-url-c-whatwg,clojure-uri,1
cpp-url-c-whatwg,cpp-ada-url,1
cpp-url-c-whatwg,cpp-boost-url,1
cpp-url-c-whatwg,cpp-guri,1
cpp-url-c-whatwg,cpp-http-parser,1
cpp-url-c-whatwg,cpp-libcurl,1
cpp-url-c-whatwg,cpp-poco-uri,1
cpp-url-c-whatwg,cpp-qurl-strict,1
cpp-url-c-whatwg,cpp-qurl-tolerant,1
cpp-url-c-whatwg,cpp-uriparser,1
cpp-url-c-whatwg,cpp-url-c-rfc,1
cpp-url-c-whatwg,crystal-uri,1
cpp-url-c-whatwg,csharp-anglesharp,1
cpp-url-c-whatwg,csharp-flurl,1
cpp-url-c-whatwg,csharp-systemuri,1
cpp-url-c-whatwg,dart-core,1
cpp-url-c-whatwg,elixir-ex_url,1
cpp-url-c-whatwg,elixir-uri,1
cpp-url-c-whatwg,erlang-hackney-url,1
cpp-url-c-whatwg,erlang-ibrowse-lib,1
cpp-url-c-whatwg,erlang-uri-string,1
cpp-url-c-whatwg,go-net,1
cpp-url-c-whatwg,haskell-http-client,1
cpp-url-c-whatwg,haskell-http-conduit,1
cpp-url-c-whatwg,haskell-modern-uri,1
cpp-url-c-whatwg,haskell-network-uri,1
cpp-url-c-whatwg,haskell-uri-bytestring,1
cpp-url-c-whatwg,java-apache-httpclient,1
cpp-url-c-whatwg,java-galimatias,1
cpp-url-c-whatwg,java-netty,1
cpp-url-c-whatwg,java-okhttp,1
cpp-url-c-whatwg,java-spring-web,1
cpp-url-c-whatwg,java-uri,1
cpp-url-c-whatwg,java-url,1
cpp-url-c-whatwg,javascript-deno,1
cpp-url-c-whatwg,javascript-domurl,1
cpp-url-c-whatwg,javascript-fast-uri,1
cpp-url-c-whatwg,javascript-fast-url-parser,1
cpp-url-c-whatwg,javascript-jsuri,1
cpp-url-c-whatwg,javascript-legacy,1
cpp-url-c-whatwg,javascript-parse-uri,1
cpp-url-c-whatwg,javascript-parse-url,1
cpp-url-c-whatwg,javascript-parseuri,1
cpp-url-c-whatwg,javascript-smithy,1
cpp-url-c-whatwg,javascript-uri-js,1
cpp-url-c-whatwg,javascript-uri-parser,1
cpp-url-c-whatwg,javascript-urijs,1
cpp-url-c-whatwg,javascript-url-parse,1
cpp-url-c-whatwg,javascript-url-toolkit,1
cpp-url-c-whatwg,javascript-whatwg,1
cpp-url-c-whatwg,perl-mojo-url,1
cpp-url-c-whatwg,perl-uri,1
cpp-url-c-whatwg,php-amphp-uri,1
cpp-url-c-whatwg,php-guzzle-psr7,1
cpp-url-c-whatwg,php-laminas,1
cpp-url-c-whatwg,php-league,1
cpp-url-c-whatwg,php-ml-iri,1
cpp-url-c-whatwg,php-nette-http,1
cpp-url-c-whatwg,php-opis-uri,1
cpp-url-c-whatwg,php-parseurl,1
cpp-url-c-whatwg,php-pear-net-url2,1
cpp-url-c-whatwg,php-phrity-net-uri,1
cpp-url-c-whatwg,php-sabre,1
cpp-url-c-whatwg,php-spatie,1
cpp-url-c-whatwg,python-ada-url,1
cpp-url-c-whatwg,python-furl,1
cpp-url-c-whatwg,python-httpx,1
cpp-url-c-whatwg,python-hyperlink,1
cpp-url-c-whatwg,python-lazr-uri,1
cpp-url-c-whatwg,python-mdurl,1
cpp-url-c-whatwg,python-purl,1
cpp-url-c-whatwg,python-rfc3986,1
cpp-url-c-whatwg,python-uritools,1
cpp-url-c-whatwg,python-urllib3,1
cpp-url-c-whatwg,python-yarl,1
cpp-url-c-whatwg,r-httr2,1
cpp-url-c-whatwg,r-urlparse,1
cpp-url-c-whatwg,r-urltools,1
cpp-url-c-whatwg,ruby-addressable,1
cpp-url-c-whatwg,ruby-uri,1
cpp-url-c-whatwg,rust-fluent-uri,1
cpp-url-c-whatwg,rust-hyper-uri,1
cpp-url-c-whatwg,rust-iref,1
cpp-url-c-whatwg,rust-reqwest,1
cpp-url-c-whatwg,rust-uriparse,1
cpp-url-c-whatwg,rust-url,1
cpp-url-c-whatwg,rust-urlparse,1
cpp-url-c-whatwg,swift-url,1
cpp-url-c-whatwg,swift-urlcomponents,1
cpp-url-c-whatwg,swift-weburl,1
cpp-url-c-whatwg,zig-std-uri,1
crystal-uri,ada-uri-mime,1
crystal-uri,bin-aria2,1
crystal-uri,bin-trurl,1
crystal-uri,bin-wget,1
crystal-uri,clojure-uri,1
crystal-uri,cpp-ada-url,1
crystal-uri,cpp-boost-url,1
crystal-uri,cpp-guri,1
crystal-uri,cpp-http-parser,1
crystal-uri,cpp-libcurl,1
crystal-uri,cpp-poco-uri,1
crystal-uri,cpp-qurl-strict,1
crystal-uri,cpp-qurl-tolerant,1
crystal-uri,cpp-uriparser,1
crystal-uri,cpp-url-c-rfc,1
crystal-uri,cpp-url-c-whatwg,1
crystal-uri,csharp-anglesharp,1
crystal-uri,csharp-flurl,1
crystal-uri,csharp-systemuri,1
crystal-uri,dart-core,1
crystal-uri,elixir-ex_url,1
crystal-uri,elixir-uri,1
crystal-uri,erlang-hackney-url,1
crystal-uri,erlang-ibrowse-lib,1
crystal-uri,erlang-uri-string,1
crystal-uri,go-net,1
crystal-uri,haskell-http-client,1
crystal-uri,haskell-http-conduit,1
crystal-uri,haskell-modern-uri,1
crystal-uri,haskell-network-uri,1
crystal-uri,haskell-uri-bytestring,1
crystal-uri,java-apache-httpclient,1
crystal-uri,java-galimatias,1
crystal-uri,java-netty,1
crystal-uri,java-okhttp,1
crystal-uri,java-spring-web,1
crystal-uri,java-uri,1
crystal-uri,java-url,1
crystal-uri,javascript-deno,1
crystal-uri,javascript-domurl,1
crystal-uri,javascript-fast-uri,1
crystal-uri,javascript-fast-url-parser,1
crystal-uri,javascript-jsuri,1
crystal-uri,javascript-legacy,1
crystal-uri,javascript-parse-uri,1
crystal-uri,javascript-parse-url,1
crystal-uri,javascript-parseuri,1
crystal-uri,javascript-smithy,1
crystal-uri,javascript-uri-js,1
crystal-uri,javascript-uri-parser,1
crystal-uri,javascript-urijs,1
crystal-uri,javascript-url-parse,1
crystal-uri,javascript-url-toolkit,1
crystal-uri,javascript-whatwg,1
crystal-uri,perl-mojo-url,1
crystal-uri,perl-uri,1
crystal-uri,php-amphp-uri,1
crystal-uri,php-guzzle-psr7,1
crystal-uri,php-laminas,1
crystal-uri,php-league,1
crystal-uri,php-ml-iri,1
crystal-uri,php-nette-http,1
crystal-uri,php-opis-uri,1
crystal-uri,php-parseurl,1
crystal-uri,php-pear-net-url2,1
crystal-uri,php-phrity-net-uri,1
crystal-uri,php-sabre,1
crystal-uri,php-spatie,1
crystal-uri,python-ada-url,1
crystal-uri,python-furl,1
crystal-uri,python-httpx,1
crystal-uri,python-hyperlink,1
crystal-uri,python-lazr-uri,1
crystal-uri,python-mdurl,1
crystal-uri,python-purl,1
crystal-uri,python-rfc3986,1
crystal-uri,python-uritools,1
crystal-uri,python-urllib3,1
crystal-uri,python-yarl,1
crystal-uri,r-httr2,1
crystal-uri,r-urlparse,1
crystal-uri,r-urltools,1
crystal-uri,ruby-addressable,1
crystal-uri,ruby-uri,1
crystal-uri,rust-fluent-uri,1
crystal-uri,rust-hyper-uri,1
crystal-uri,rust-iref,1
crystal-uri,rust-reqwest,1
crystal-uri,rust-uriparse,1
crystal-uri,rust-url,1
crystal-uri,rust-urlparse,1
crystal-uri,swift-url,1
crystal-uri,swift-urlcomponents,1
crystal-uri,swift-weburl,1
crystal-uri,zig-std-uri,1
csharp-anglesharp,ada-uri-mime,1
csharp-anglesharp,bin-aria2,1
csharp-anglesharp,bin-trurl,1
csharp-anglesharp,bin-wget,1
csharp-anglesharp,clojure-uri,1
csharp-anglesharp,cpp-ada-url,1
csharp-anglesharp,cpp-boost-url,1
csharp-anglesharp,cpp-guri,1
csharp-anglesharp,cpp-http-parser,1
csharp-anglesharp,cpp-libcurl,1
csharp-anglesharp,cpp-poco-uri,1
csharp-anglesharp,cpp-qurl-strict,1
csharp-anglesharp,cpp-qurl-tolerant,1
csharp-anglesharp,cpp-uriparser,1
csharp-anglesharp,cpp-url-c-rfc,1
csharp-anglesharp,cpp-url-c-whatwg,1
csharp-anglesharp,crystal-uri,1
csharp-anglesharp,csharp-flurl,1
csharp-anglesharp,csharp-systemuri,1
csharp-anglesharp,dart-core,1
csharp-anglesharp,elixir-ex_url,1
csharp-anglesharp,elixir-uri,1
csharp-anglesharp,erlang-hackney-url,1
csharp-anglesharp,erlang-ibrowse-lib,1
csharp-anglesharp,erlang-uri-string,1
csharp-anglesharp,go-net,1
csharp-anglesharp,haskell-http-client,1
csharp-anglesharp,haskell-http-conduit,1
csharp-anglesharp,haskell-modern-uri,1
csharp-anglesharp,haskell-network-uri,1
csharp-anglesharp,haskell-uri-bytestring,1
csharp-anglesharp,java-apache-httpclient,1
csharp-anglesharp,java-galimatias,1
csharp-anglesharp,java-netty,1
csharp-anglesharp,java-okhttp,1
csharp-anglesharp,java-spring-web,1
csharp-anglesharp,java-uri,1
csharp-anglesharp,java-url,1
csharp-anglesharp,javascript-deno,1
csharp-anglesharp,javascript-domurl,1
csharp-anglesharp,javascript-fast-uri,1
csharp-anglesharp,javascript-fast-url-parser,1
csharp-anglesharp,javascript-jsuri,1
csharp-anglesharp,javascript-legacy,1
csharp-anglesharp,javascript-parse-uri,1
csharp-anglesharp,javascript-parse-url,1
csharp-anglesharp,javascript-parseuri,1
csharp-anglesharp,javascript-smithy,1
csharp-anglesharp,javascript-uri-js,1
csharp-anglesharp,javascript-uri-parser,1
csharp-anglesharp,javascript-urijs,1
csharp-anglesharp,javascript-url-parse,1
csharp-anglesharp,javascript-url-toolkit,1
csharp-anglesharp,javascript-whatwg,1
csharp-anglesharp,perl-mojo-url,1
csharp-anglesharp,perl-uri,1
csharp-anglesharp,php-amphp-uri,1
csharp-anglesharp,php-guzzle-psr7,1
csharp-anglesharp,php-laminas,1
csharp-anglesharp,php-league,1
csharp-anglesharp,php-ml-iri,1
csharp-anglesharp,php-nette-http,1
csharp-anglesharp,php-opis-uri,1
csharp-anglesharp,php-parseurl,1
csharp-anglesharp,php-pear-net-url2,1
csharp-anglesharp,php-phrity-net-uri,1
csharp-anglesharp,php-sabre,1
csharp-anglesharp,php-spatie,1
csharp-anglesharp,python-ada-url,1
csharp-anglesharp,python-furl,1
csharp-anglesharp,python-httpx,1
csharp-anglesharp,python-hyperlink,1
csharp-anglesharp,python-lazr-uri,1
csharp-anglesharp,python-mdurl,1
csharp-anglesharp,python-purl,1
csharp-anglesharp,python-rfc3986,1
csharp-anglesharp,python-uritools,1
csharp-anglesharp,python-urllib3,1
csharp-anglesharp,python-yarl,1
csharp-anglesharp,r-httr2,1
csharp-anglesharp,r-urlparse,1
csharp-anglesharp,r-urltools,1
csharp-anglesharp,ruby-addressable,1
csharp-anglesharp,ruby-uri,1
csharp-anglesharp,rust-fluent-uri,1
csharp-anglesharp,rust-hyper-uri,1
csharp-anglesharp,rust-iref,1
csharp-anglesharp,rust-reqwest,1
csharp-anglesharp,rust-uriparse,1
csharp-anglesharp,rust-url,1
csharp-anglesharp,rust-urlparse,1
csharp-anglesharp,swift-url,1
csharp-anglesharp,swift-urlcomponents,1
csharp-anglesharp,swift-weburl,1
csharp-anglesharp,zig-std-uri,1
csharp-flurl,ada-uri-mime,1
csharp-flurl,bin-aria2,1
csharp-flurl,bin-trurl,1
csharp-flurl,bin-wget,1
csharp-flurl,clojure-uri,1
csharp-flurl,cpp-ada-url,1
csharp-flurl,cpp-boost-url,1
csharp-flurl,cpp-guri,1
csharp-flurl,cpp-http-parser,1
csharp-flurl,cpp-libcurl,1
csharp-flurl,cpp-poco-uri,1
csharp-flurl,cpp-qurl-strict,1
csharp-flurl,cpp-qurl-tolerant,1
csharp-flurl,cpp-uriparser,1
csharp-flurl,cpp-url-c-rfc,1
csharp-flurl,cpp-url-c-whatwg,1
csharp-flurl,crystal-uri,1
csharp-flurl,csharp-anglesharp,1
csharp-flurl,csharp-systemuri,1
csharp-flurl,dart-core,1
csharp-flurl,elixir-ex_url,1
csharp-flurl,elixir-uri,1
csharp-flurl,erlang-hackney-url,1
csharp-flurl,erlang-ibrowse-lib,1
csharp-flurl,erlang-uri-string,1
csharp-flurl,go-net,1
csharp-flurl,haskell-http-client,1
csharp-flurl,haskell-http-conduit,1
csharp-flurl,haskell-modern-uri,1
csharp-flurl,haskell-network-uri,1
csharp-flurl,haskell-uri-bytestring,1
csharp-flurl,java-apache-httpclient,1
csharp-flurl,java-galimatias,1
csharp-flurl,java-netty,1
csharp-flurl,java-okhttp,1
csharp-flurl,java-spring-web,1
csharp-flurl,java-uri,1
csharp-flurl,java-url,1
csharp-flurl,javascript-deno,1
csharp-flurl,javascript-domurl,1
csharp-flurl,javascript-fast-uri,1
csharp-flurl,javascript-fast-url-parser,1
csharp-flurl,javascript-jsuri,1
csharp-flurl,javascript-legacy,1
csharp-flurl,javascript-parse-uri,1
csharp-flurl,javascript-parse-url,1
csharp-flurl,javascript-parseuri,1
csharp-flurl,javascript-smithy,1
csharp-flurl,javascript-uri-js,1
csharp-flurl,javascript-uri-parser,1
csharp-flurl,javascript-urijs,1
csharp-flurl,javascript-url-parse,1
csharp-flurl,javascript-url-toolkit,1
csharp-flurl,javascript-whatwg,1
csharp-flurl,perl-mojo-url,1
csharp-flurl,perl-uri,1
csharp-flurl,php-amphp-uri,1
csharp-flurl,php-guzzle-psr7,1
csharp-flurl,php-laminas,1
csharp-flurl,php-league,1
csharp-flurl,php-ml-iri,1
csharp-flurl,php-nette-http,1
csharp-flurl,php-opis-uri,1
csharp-flurl,php-parseurl,1
csharp-flurl,php-pear-net-url2,1
csharp-flurl,php-phrity-net-uri,1
csharp-flurl,php-sabre,1
csharp-flurl,php-spatie,1
csharp-flurl,python-ada-url,1
csharp-flurl,python-furl,1
csharp-flurl,python-httpx,1
csharp-flurl,python-hyperlink,1
csharp-flurl,python-lazr-uri,1
csharp-flurl,python-mdurl,1
csharp-flurl,python-purl,1
csharp-flurl,python-rfc3986,1
csharp-flurl,python-uritools,1
csharp-flurl,python-urllib3,1
csharp-flurl,python-yarl,1
csharp-flurl,r-httr2,1
csharp-flurl,r-urlparse,1
csharp-flurl,r-urltools,1
csharp-flurl,ruby-addressable,1
csharp-flurl,ruby-uri,1
csharp-flurl,rust-fluent-uri,1
csharp-flurl,rust-hyper-uri,1
csharp-flurl,rust-iref,1
csharp-flurl,rust-reqwest,1
csharp-flurl,rust-uriparse,1
csharp-flurl,rust-url,1
csharp-flurl,rust-urlparse,1
csharp-flurl,swift-url,1
csharp-flurl,swift-urlcomponents,1
csharp-flurl,swift-weburl,1
csharp-flurl,zig-std-uri,1
csharp-systemuri,ada-uri-mime,1
csharp-systemuri,bin-aria2,1
csharp-systemuri,bin-trurl,1
csharp-systemuri,bin-wget,1
csharp-systemuri,clojure-uri,1
csharp-systemuri,cpp-ada-url,1
csharp-systemuri,cpp-boost-url,1
csharp-systemuri,cpp-guri,1
csharp-systemuri,cpp-http-parser,1
csharp-systemuri,cpp-libcurl,1
csharp-systemuri,cpp-poco-uri,1
csharp-systemuri,cpp-qurl-strict,1
csharp-systemuri,cpp-qurl-tolerant,1
csharp-systemuri,cpp-uriparser,1
csharp-systemuri,cpp-url-c-rfc,1
csharp-systemuri,cpp-url-c-whatwg,1
csharp-systemuri,crystal-uri,1
csharp-systemuri,csharp-anglesharp,1
csharp-systemuri,csharp-flurl,1
csharp-systemuri,dart-core,1
csharp-systemuri,elixir-ex_url,1
csharp-systemuri,elixir-uri,1
csharp-systemuri,erlang-hackney-url,1
csharp-systemuri,erlang-ibrowse-lib,1
csharp-systemuri,erlang-uri-string,1
csharp-systemuri,go-net,1
csharp-systemuri,haskell-http-client,1
csharp-systemuri,haskell-http-conduit,1
csharp-systemuri,haskell-modern-uri,1
csharp-systemuri,haskell-network-uri,1
csharp-systemuri,haskell-uri-bytestring,1
csharp-systemuri,java-apache-httpclient,1
csharp-systemuri,java-galimatias,1
csharp-systemuri,java-netty,1
csharp-systemuri,java-okhttp,1
csharp-systemuri,java-spring-web,1
csharp-systemuri,java-uri,1
csharp-systemuri,java-url,1
csharp-systemuri,javascript-deno,1
csharp-systemuri,javascript-domurl,1
csharp-systemuri,javascript-fast-uri,1
csharp-systemuri,javascript-fast-url-parser,1
csharp-systemuri,javascript-jsuri,1
csharp-systemuri,javascript-legacy,1
csharp-systemuri,javascript-parse-uri,1
csharp-systemuri,javascript-parse-url,1
csharp-systemuri,javascript-parseuri,1
csharp-systemuri,javascript-smithy,1
csharp-systemuri,javascript-uri-js,1
csharp-systemuri,javascript-uri-parser,1
csharp-systemuri,javascript-urijs,1
csharp-systemuri,javascript-url-parse,1
csharp-systemuri,javascript-url-toolkit,1
csharp-systemuri,javascript-whatwg,1
csharp-systemuri,perl-mojo-url,1
csharp-systemuri,perl-uri,1
csharp-systemuri,php-amphp-uri,1
csharp-systemuri,php-guzzle-psr7,1
csharp-systemuri,php-laminas,1
csharp-systemuri,php-league,1
csharp-systemuri,php-ml-iri,1
csharp-systemuri,php-nette-http,1
csharp-systemuri,php-opis-uri,1
csharp-systemuri,php-parseurl,1
csharp-systemuri,php-pear-net-url2,1
csharp-systemuri,php-phrity-net-uri,1
csharp-systemuri,php-sabre,1
csharp-systemuri,php-spatie,1
csharp-systemuri,python-ada-url,1
csharp-systemuri,python-furl,1
csharp-systemuri,python-httpx,1
csharp-systemuri,python-hyperlink,1
csharp-systemuri,python-lazr-uri,1
csharp-systemuri,python-mdurl,1
csharp-systemuri,python-purl,1
csharp-systemuri,python-rfc3986,1
csharp-systemuri,python-uritools,1
csharp-systemuri,python-urllib3,1
csharp-systemuri,python-yarl,1
csharp-systemuri,r-httr2,1
csharp-systemuri,r-urlparse,1
csharp-systemuri,r-urltools,1
csharp-systemuri,ruby-addressable,1
csharp-systemuri,ruby-uri,1
csharp-systemuri,rust-fluent-uri,1
csharp-systemuri,rust-hyper-uri,1
csharp-systemuri,rust-iref,1
csharp-systemuri,rust-reqwest,1
csharp-systemuri,rust-uriparse,1
csharp-systemuri,rust-url,1
csharp-systemuri,rust-urlparse,1
csharp-systemuri,swift-url,1
csharp-systemuri,swift-urlcomponents,1
csharp-systemuri,swift-weburl,1
csharp-systemuri,zig-std-uri,1
dart-core,ada-uri-mime,1
dart-core,bin-aria2,1
dart-core,bin-trurl,1
dart-core,bin-wget,1
dart-core,clojure-uri,1
dart-core,cpp-ada-url,1
dart-core,cpp-boost-url,1
dart-core,cpp-guri,1
dart-core,cpp-http-parser,1
dart-core,cpp-libcurl,1
dart-core,cpp-poco-uri,1
dart-core,cpp-qurl-strict,1
dart-core,cpp-qurl-tolerant,1
dart-core,cpp-uriparser,1
dart-core,cpp-url-c-rfc,1
dart-core,cpp-url-c-whatwg,1
dart-core,crystal-uri,1
dart-core,csharp-anglesharp,1
dart-core,csharp-flurl,1
dart-core,csharp-systemuri,1
dart-core,elixir-ex_url,1
dart-core,elixir-uri,1
dart-core,erlang-hackney-url,1
dart-core,erlang-ibrowse-lib,1
dart-core,erlang-uri-string,1
dart-core,go-net,1
dart-core,haskell-http-client,1
dart-core,haskell-http-conduit,1
dart-core,haskell-modern-uri,1
dart-core,haskell-network-uri,1
dart-core,haskell-uri-bytestring,1
dart-core,java-apache-httpclient,1
dart-core,java-galimatias,1
dart-core,java-netty,1
dart-core,java-okhttp,1
dart-core,java-spring-web,1
dart-core,java-uri,1
dart-core,java-url,1
dart-core,javascript-deno,1
dart-core,javascript-domurl,1
dart-core,javascript-fast-uri,1
dart-core,javascript-fast-url-parser,1
dart-core,javascript-jsuri,1
dart-core,javascript-legacy,1
dart-core,javascript-parse-uri,1
dart-core,javascript-parse-url,1
dart-core,javascript-parseuri,1
dart-core,javascript-smithy,1
dart-core,javascript-uri-js,1
dart-core,javascript-uri-parser,1
dart-core,javascript-urijs,1
dart-core,javascript-url-parse,1
dart-core,javascript-url-toolkit,1
dart-core,javascript-whatwg,1
dart-core,perl-mojo-url,1
dart-core,perl-uri,1
dart-core,php-amphp-uri,1
dart-core,php-guzzle-psr7,1
dart-core,php-laminas,1
dart-core,php-league,1
dart-core,php-ml-iri,1
dart-core,php-nette-http,1
dart-core,php-opis-uri,1
dart-core,php-parseurl,1
dart-core,php-pear-net-url2,1
dart-core,php-phrity-net-uri,1
dart-core,php-sabre,1
dart-core,php-spatie,1
dart-core,python-ada-url,1
dart-core,python-furl,1
dart-core,python-httpx,1
dart-core,python-hyperlink,1
dart-core,python-lazr-uri,1
dart-core,python-mdurl,1
dart-core,python-purl,1
dart-core,python-rfc3986,1
dart-core,python-uritools,1
dart-core,python-urllib3,1
dart-core,python-yarl,1
dart-core,r-httr2,1
dart-core,r-urlparse,1
dart-core,r-urltools,1
dart-core,ruby-addressable,1
dart-core,ruby-uri,1
dart-core,rust-fluent-uri,1
dart-core,rust-hyper-uri,1
dart-core,rust-iref,1
dart-core,rust-reqwest,1
dart-core,rust-uriparse,1
dart-core,rust-url,1
dart-core,rust-urlparse,1
dart-core,swift-url,1
dart-core,swift-urlcomponents,1
dart-core,swift-weburl,1
dart-core,zig-std-uri,1
elixir-ex_url,ada-uri-mime,1
elixir-ex_url,bin-aria2,1
elixir-ex_url,bin-trurl,1
elixir-ex_url,bin-wget,1
elixir-ex_url,clojure-uri,1
elixir-ex_url,cpp-ada-url,1
elixir-ex_url,cpp-boost-url,1
elixir-ex_url,cpp-guri,1
elixir-ex_url,cpp-http-parser,1
elixir-ex_url,cpp-libcurl,1
elixir-ex_url,cpp-poco-uri,1
elixir-ex_url,cpp-qurl-strict,1
elixir-ex_url,cpp-qurl-tolerant,1
elixir-ex_url,cpp-uriparser,1
elixir-ex_url,cpp-url-c-rfc,1
elixir-ex_url,cpp-url-c-whatwg,1
elixir-ex_url,crystal-uri,1
elixir-ex_url,csharp-anglesharp,1
elixir-ex_url,csharp-flurl,1
elixir-ex_url,csharp-systemuri,1
elixir-ex_url,dart-core,1
elixir-ex_url,elixir-uri,1
elixir-ex_url,erlang-hackney-url,1
elixir-ex_url,erlang-ibrowse-lib,1
elixir-ex_url,erlang-uri-string,1
elixir-ex_url,go-net,1
elixir-ex_url,haskell-http-client,1
elixir-ex_url,haskell-http-conduit,1
elixir-ex_url,haskell-modern-uri,1
elixir-ex_url,haskell-network-uri,1
elixir-ex_url,haskell-uri-bytestring,1
elixir-ex_url,java-apache-httpclient,1
elixir-ex_url,java-galimatias,1
elixir-ex_url,java-netty,1
elixir-ex_url,java-okhttp,1
elixir-ex_url,java-spring-web,1
elixir-ex_url,java-uri,1
elixir-ex_url,java-url,1
elixir-ex_url,javascript-deno,1
elixir-ex_url,javascript-domurl,1
elixir-ex_url,javascript-fast-uri,1
elixir-ex_url,javascript-fast-url-parser,1
elixir-ex_url,javascript-jsuri,1
elixir-ex_url,javascript-legacy,1
elixir-ex_url,javascript-parse-uri,1
elixir-ex_url,javascript-parse-url,1
elixir-ex_url,javascript-parseuri,1
elixir-ex_url,javascript-smithy,1
elixir-ex_url,javascript-uri-js,1
elixir-ex_url,javascript-uri-parser,1
elixir-ex_url,javascript-urijs,1
elixir-ex_url,javascript-url-parse,1
elixir-ex_url,javascript-url-toolkit,1
elixir-ex_url,javascript-whatwg,1
elixir-ex_url,perl-mojo-url,1
elixir-ex_url,perl-uri,1
elixir-ex_url,php-amphp-uri,1
elixir-ex_url,php-guzzle-psr7,1
elixir-ex_url,php-laminas,1
elixir-ex_url,php-league,1
elixir-ex_url,php-ml-iri,1
elixir-ex_url,php-nette-http,1
elixir-ex_url,php-opis-uri,1
elixir-ex_url,php-parseurl,1
elixir-ex_url,php-pear-net-url2,1
elixir-ex_url,php-phrity-net-uri,1
elixir-ex_url,php-sabre,1
elixir-ex_url,php-spatie,1
elixir-ex_url,python-ada-url,1
elixir-ex_url,python-furl,1
elixir-ex_url,python-httpx,1
elixir-ex_url,python-hyperlink,1
elixir-ex_url,python-lazr-uri,1
elixir-ex_url,python-mdurl,1
elixir-ex_url,python-purl,1
elixir-ex_url,python-rfc3986,1
elixir-ex_url,python-uritools,1
elixir-ex_url,python-urllib3,1
elixir-ex_url,python-yarl,1
elixir-ex_url,r-httr2,1
elixir-ex_url,r-urlparse,1
elixir-ex_url,r-urltools,1
elixir-ex_url,ruby-addressable,1
elixir-ex_url,ruby-uri,1
elixir-ex_url,rust-fluent-uri,1
elixir-ex_url,rust-hyper-uri,1
elixir-ex_url,rust-iref,1
elixir-ex_url,rust-reqwest,1
elixir-ex_url,rust-uriparse,1
elixir-ex_url,rust-url,1
elixir-ex_url,rust-urlparse,1
elixir-ex_url,swift-url,1
elixir-ex_url,swift-urlcomponents,1
elixir-ex_url,swift-weburl,1
elixir-ex_url,zig-std-uri,1
elixir-uri,ada-uri-mime,1
elixir-uri,bin-aria2,1
elixir-uri,bin-trurl,1
elixir-uri,bin-wget,1
elixir-uri,clojure-uri,1
elixir-uri,cpp-ada-url,1
elixir-uri,cpp-boost-url,1
elixir-uri,cpp-guri,1
elixir-uri,cpp-http-parser,1
elixir-uri,cpp-libcurl,1
elixir-uri,cpp-poco-uri,1
elixir-uri,cpp-qurl-strict,1
elixir-uri,cpp-qurl-tolerant,1
elixir-uri,cpp-uriparser,1
elixir-uri,cpp-url-c-rfc,1
elixir-uri,cpp-url-c-whatwg,1
elixir-uri,crystal-uri,1
elixir-uri,csharp-anglesharp,1
elixir-uri,csharp-flurl,1
elixir-uri,csharp-systemuri,1
elixir-uri,dart-core,1
elixir-uri,elixir-ex_url,1
elixir-uri,erlang-hackney-url,1
elixir-uri,erlang-ibrowse-lib,1
elixir-uri,erlang-uri-string,1
elixir-uri,go-net,1
elixir-uri,haskell-http-client,1
elixir-uri,haskell-http-conduit,1
elixir-uri,haskell-modern-uri,1
elixir-uri,haskell-network-uri,1
elixir-uri,haskell-uri-bytestring,1
elixir-uri,java-apache-httpclient,1
elixir-uri,java-galimatias,1
elixir-uri,java-netty,1
elixir-uri,java-okhttp,1
elixir-uri,java-spring-web,1
elixir-uri,java-uri,1
elixir-uri,java-url,1
elixir-uri,javascript-deno,1
elixir-uri,javascript-domurl,1
elixir-uri,javascript-fast-uri,1
elixir-uri,javascript-fast-url-parser,1
elixir-uri,javascript-jsuri,1
elixir-uri,javascript-legacy,1
elixir-uri,javascript-parse-uri,1
elixir-uri,javascript-parse-url,1
elixir-uri,javascript-parseuri,1
elixir-uri,javascript-smithy,1
elixir-uri,javascript-uri-js,1
elixir-uri,javascript-uri-parser,1
elixir-uri,javascript-urijs,1
elixir-uri,javascript-url-parse,1
elixir-uri,javascript-url-toolkit,1
elixir-uri,javascript-whatwg,1
elixir-uri,perl-mojo-url,1
elixir-uri,perl-uri,1
elixir-uri,php-amphp-uri,1
elixir-uri,php-guzzle-psr7,1
elixir-uri,php-laminas,1
elixir-uri,php-league,1
elixir-uri,php-ml-iri,1
elixir-uri,php-nette-http,1
elixir-uri,php-opis-uri,1
elixir-uri,php-parseurl,1
elixir-uri,php-pear-net-url2,1
elixir-uri,php-phrity-net-uri,1
elixir-uri,php-sabre,1
elixir-uri,php-spatie,1
elixir-uri,python-ada-url,1
elixir-uri,python-furl,1
elixir-uri,python-httpx,1
elixir-uri,python-hyperlink,1
elixir-uri,python-lazr-uri,1
elixir-uri,python-mdurl,1
elixir-uri,python-purl,1
elixir-uri,python-rfc3986,1
elixir-uri,python-uritools,1
elixir-uri,python-urllib3,1
elixir-uri,python-yarl,1
elixir-uri,r-httr2,1
elixir-uri,r-urlparse,1
elixir-uri,r-urltools,1
elixir-uri,ruby-addressable,1
elixir-uri,ruby-uri,1
elixir-uri,rust-fluent-uri,1
elixir-uri,rust-hyper-uri,1
elixir-uri,rust-iref,1
elixir-uri,rust-reqwest,1
elixir-uri,rust-uriparse,1
elixir-uri,rust-url,1
elixir-uri,rust-urlparse,1
elixir-uri,swift-url,1
elixir-uri,swift-urlcomponents,1
elixir-uri,swift-weburl,1
elixir-uri,zig-std-uri,1
erlang-hackney-url,ada-uri-mime,1
erlang-hackney-url,bin-aria2,1
erlang-hackney-url,bin-trurl,1
erlang-hackney-url,bin-wget,1
erlang-hackney-url,clojure-uri,1
erlang-hackney-url,cpp-ada-url,1
erlang-hackney-url,cpp-boost-url,1
erlang-hackney-url,cpp-guri,1
erlang-hackney-url,cpp-http-parser,1
erlang-hackney-url,cpp-libcurl,1
erlang-hackney-url,cpp-poco-uri,1
erlang-hackney-url,cpp-qurl-strict,1
erlang-hackney-url,cpp-qurl-tolerant,1
erlang-hackney-url,cpp-uriparser,1
erlang-hackney-url,cpp-url-c-rfc,1
erlang-hackney-url,cpp-url-c-whatwg,1
erlang-hackney-url,crystal-uri,1
erlang-hackney-url,csharp-anglesharp,1
erlang-hackney-url,csharp-flurl,1
erlang-hackney-url,csharp-systemuri,1
erlang-hackney-url,dart-core,1
erlang-hackney-url,elixir-ex_url,1
erlang-hackney-url,elixir-uri,1
erlang-hackney-url,erlang-ibrowse-lib,1
erlang-hackney-url,erlang-uri-string,1
erlang-hackney-url,go-net,1
erlang-hackney-url,haskell-http-client,1
erlang-hackney-url,haskell-http-conduit,1
erlang-hackney-url,haskell-modern-uri,1
erlang-hackney-url,haskell-network-uri,1
erlang-hackney-url,haskell-uri-bytestring,1
erlang-hackney-url,java-apache-httpclient,1
erlang-hackney-url,java-galimatias,1
erlang-hackney-url,java-netty,1
erlang-hackney-url,java-okhttp,1
erlang-hackney-url,java-spring-web,1
erlang-hackney-url,java-uri,1
erlang-hackney-url,java-url,1
erlang-hackney-url,javascript-deno,1
erlang-hackney-url,javascript-domurl,1
erlang-hackney-url,javascript-fast-uri,1
erlang-hackney-url,javascript-fast-url-parser,1
erlang-hackney-url,javascript-jsuri,1
erlang-hackney-url,javascript-legacy,1
erlang-hackney-url,javascript-parse-uri,1
erlang-hackney-url,javascript-parse-url,1
erlang-hackney-url,javascript-parseuri,1
erlang-hackney-url,javascript-smithy,1
erlang-hackney-url,javascript-uri-js,1
erlang-hackney-url,javascript-uri-parser,1
erlang-hackney-url,javascript-urijs,1
erlang-hackney-url,javascript-url-parse,1
erlang-hackney-url,javascript-url-toolkit,1
erlang-hackney-url,javascript-whatwg,1
erlang-hackney-url,perl-mojo-url,1
erlang-hackney-url,perl-uri,1
erlang-hackney-url,php-amphp-uri,1
erlang-hackney-url,php-guzzle-psr7,1
erlang-hackney-url,php-laminas,1
erlang-hackney-url,php-league,1
erlang-hackney-url,php-ml-iri,1
erlang-hackney-url,php-nette-http,1
erlang-hackney-url,php-opis-uri,1
erlang-hackney-url,php-parseurl,1
erlang-hackney-url,php-pear-net-url2,1
erlang-hackney-url,php-phrity-net-uri,1
erlang-hackney-url,php-sabre,1
erlang-hackney-url,php-spatie,1
erlang-hackney-url,python-ada-url,1
erlang-hackney-url,python-furl,1
erlang-hackney-url,python-httpx,1
erlang-hackney-url,python-hyperlink,1
erlang-hackney-url,python-lazr-uri,1
erlang-hackney-url,python-mdurl,1
erlang-hackney-url,python-purl,1
erlang-hackney-url,python-rfc3986,1
erlang-hackney-url,python-uritools,1
erlang-hackney-url,python-urllib3,1
erlang-hackney-url,python-yarl,1
erlang-hackney-url,r-httr2,1
erlang-hackney-url,r-urlparse,1
erlang-hackney-url,r-urltools,1
erlang-hackney-url,ruby-addressable,1
erlang-hackney-url,ruby-uri,1
erlang-hackney-url,rust-fluent-uri,1
erlang-hackney-url,rust-hyper-uri,1
erlang-hackney-url,rust-iref,1
erlang-hackney-url,rust-reqwest,1
erlang-hackney-url,rust-uriparse,1
erlang-hackney-url,rust-url,1
erlang-hackney-url,rust-urlparse,1
erlang-hackney-url,swift-url,1
erlang-hackney-url,swift-urlcomponents,1
erlang-hackney-url,swift-weburl,1
erlang-hackney-url,zig-std-uri,1
erlang-ibrowse-lib,ada-uri-mime,1
erlang-ibrowse-lib,bin-aria2,1
erlang-ibrowse-lib,bin-trurl,1
erlang-ibrowse-lib,bin-wget,1
erlang-ibrowse-lib,clojure-uri,1
erlang-ibrowse-lib,cpp-ada-url,1
erlang-ibrowse-lib,cpp-boost-url,1
erlang-ibrowse-lib,cpp-guri,1
erlang-ibrowse-lib,cpp-http-parser,1
erlang-ibrowse-lib,cpp-libcurl,1
erlang-ibrowse-lib,cpp-poco-uri,1
erlang-ibrowse-lib,cpp-qurl-strict,1
erlang-ibrowse-lib,cpp-qurl-tolerant,1
erlang-ibrowse-lib,cpp-uriparser,1
erlang-ibrowse-lib,cpp-url-c-rfc,1
erlang-ibrowse-lib,cpp-url-c-whatwg,1
erlang-ibrowse-lib,crystal-uri,1
erlang-ibrowse-lib,csharp-anglesharp,1
erlang-ibrowse-lib,csharp-flurl,1
erlang-ibrowse-lib,csharp-systemuri,1
erlang-ibrowse-lib,dart-core,1
erlang-ibrowse-lib,elixir-ex_url,1
erlang-ibrowse-lib,elixir-uri,1
erlang-ibrowse-lib,erlang-hackney-url,1
erlang-ibrowse-lib,erlang-uri-string,1
erlang-ibrowse-lib,go-net,1
erlang-ibrowse-lib,haskell-http-client,1
erlang-ibrowse-lib,haskell-http-conduit,1
erlang-ibrowse-lib,haskell-modern-uri,1
erlang-ibrowse-lib,haskell-network-uri,1
erlang-ibrowse-lib,haskell-uri-bytestring,1
erlang-ibrowse-lib,java-apache-httpclient,1
erlang-ibrowse-lib,java-galimatias,1
erlang-ibrowse-lib,java-netty,1
erlang-ibrowse-lib,java-okhttp,1
erlang-ibrowse-lib,java-spring-web,1
erlang-ibrowse-lib,java-uri,1
erlang-ibrowse-lib,java-url,1
erlang-ibrowse-lib,javascript-deno,1
erlang-ibrowse-lib,javascript-domurl,1
erlang-ibrowse-lib,javascript-fast-uri,1
erlang-ibrowse-lib,javascript-fast-url-parser,1
erlang-ibrowse-lib,javascript-jsuri,1
erlang-ibrowse-lib,javascript-legacy,1
erlang-ibrowse-lib,javascript-parse-uri,1
erlang-ibrowse-lib,javascript-parse-url,1
erlang-ibrowse-lib,javascript-parseuri,1
erlang-ibrowse-lib,javascript-smithy,1
erlang-ibrowse-lib,javascript-uri-js,1
erlang-ibrowse-lib,javascript-uri-parser,1
erlang-ibrowse-lib,javascript-urijs,1
erlang-ibrowse-lib,javascript-url-parse,1
erlang-ibrowse-lib,javascript-url-toolkit,1
erlang-ibrowse-lib,javascript-whatwg,1
erlang-ibrowse-lib,perl-mojo-url,1
erlang-ibrowse-lib,perl-uri,1
erlang-ibrowse-lib,php-amphp-uri,1
erlang-ibrowse-lib,php-guzzle-psr7,1
erlang-ibrowse-lib,php-laminas,1
erlang-ibrowse-lib,php-league,1
erlang-ibrowse-lib,php-ml-iri,1
erlang-ibrowse-lib,php-nette-http,1
erlang-ibrowse-lib,php-opis-uri,1
erlang-ibrowse-lib,php-parseurl,1
erlang-ibrowse-lib,php-pear-net-url2,1
erlang-ibrowse-lib,php-phrity-net-uri,1
erlang-ibrowse-lib,php-sabre,1
erlang-ibrowse-lib,php-spatie,1
erlang-ibrowse-lib,python-ada-url,1
erlang-ibrowse-lib,python-furl,1
erlang-ibrowse-lib,python-httpx,1
erlang-ibrowse-lib,python-hyperlink,1
erlang-ibrowse-lib,python-lazr-uri,1
erlang-ibrowse-lib,python-mdurl,1
erlang-ibrowse-lib,python-purl,1
erlang-ibrowse-lib,python-rfc3986,1
erlang-ibrowse-lib,python-uritools,1
erlang-ibrowse-lib,python-urllib3,1
erlang-ibrowse-lib,python-yarl,1
erlang-ibrowse-lib,r-httr2,1
erlang-ibrowse-lib,r-urlparse,1
erlang-ibrowse-lib,r-urltools,1
erlang-ibrowse-lib,ruby-addressable,1
erlang-ibrowse-lib,ruby-uri,1
erlang-ibrowse-lib,rust-fluent-uri,1
erlang-ibrowse-lib,rust-hyper-uri,1
erlang-ibrowse-lib,rust-iref,1
erlang-ibrowse-lib,rust-reqwest,1
erlang-ibrowse-lib,rust-uriparse,1
erlang-ibrowse-lib,rust-url,1
erlang-ibrowse-lib,rust-urlparse,1
erlang-ibrowse-lib,swift-url,1
erlang-ibrowse-lib,swift-urlcomponents,1
erlang-ibrowse-lib,swift-weburl,1
erlang-ibrowse-lib,zig-std-uri,1
erlang-uri-string,ada-uri-mime,1
erlang-uri-string,bin-aria2,1
erlang-uri-string,bin-trurl,1
erlang-uri-string,bin-wget,1
erlang-uri-string,clojure-uri,1
erlang-uri-string,cpp-ada-url,1
erlang-uri-string,cpp-boost-url,1
erlang-uri-string,cpp-guri,1
erlang-uri-string,cpp-http-parser,1
erlang-uri-string,cpp-libcurl,1
erlang-uri-string,cpp-poco-uri,1
erlang-uri-string,cpp-qurl-strict,1
erlang-uri-string,cpp-qurl-tolerant,1
erlang-uri-string,cpp-uriparser,1
erlang-uri-string,cpp-url-c-rfc,1
erlang-uri-string,cpp-url-c-whatwg,1
erlang-uri-string,crystal-uri,1
erlang-uri-string,csharp-anglesharp,1
erlang-uri-string,csharp-flurl,1
erlang-uri-string,csharp-systemuri,1
erlang-uri-string,dart-core,1
erlang-uri-string,elixir-ex_url,1
erlang-uri-string,elixir-uri,1
erlang-uri-string,erlang-hackney-url,1
erlang-uri-string,erlang-ibrowse-lib,1
erlang-uri-string,go-net,1
erlang-uri-string,haskell-http-client,1
erlang-uri-string,haskell-http-conduit,1
erlang-uri-string,haskell-modern-uri,1
erlang-uri-string,haskell-network-uri,1
erlang-uri-string,haskell-uri-bytestring,1
erlang-uri-string,java-apache-httpclient,1
erlang-uri-string,java-galimatias,1
erlang-uri-string,java-netty,1
erlang-uri-string,java-okhttp,1
erlang-uri-string,java-spring-web,1
erlang-uri-string,java-uri,1
erlang-uri-string,java-url,1
erlang-uri-string,javascript-deno,1
erlang-uri-string,javascript-domurl,1
erlang-uri-string,javascript-fast-uri,1
erlang-uri-string,javascript-fast-url-parser,1
erlang-uri-string,javascript-jsuri,1
erlang-uri-string,javascript-legacy,1
erlang-uri-string,javascript-parse-uri,1
erlang-uri-string,javascript-parse-url,1
erlang-uri-string,javascript-parseuri,1
erlang-uri-string,javascript-smithy,1
erlang-uri-string,javascript-uri-js,1
erlang-uri-string,javascript-uri-parser,1
erlang-uri-string,javascript-urijs,1
erlang-uri-string,javascript-url-parse,1
erlang-uri-string,javascript-url-toolkit,1
erlang-uri-string,javascript-whatwg,1
erlang-uri-string,perl-mojo-url,1
erlang-uri-string,perl-uri,1
erlang-uri-string,php-amphp-uri,1
erlang-uri-string,php-guzzle-psr7,1
erlang-uri-string,php-laminas,1
erlang-uri-string,php-league,1
erlang-uri-string,php-ml-iri,1
erlang-uri-string,php-nette-http,1
erlang-uri-string,php-opis-uri,1
erlang-uri-string,php-parseurl,1
erlang-uri-string,php-pear-net-url2,1
erlang-uri-string,php-phrity-net-uri,1
erlang-uri-string,php-sabre,1
erlang-uri-string,php-spatie,1
erlang-uri-string,python-ada-url,1
erlang-uri-string,python-furl,1
erlang-uri-string,python-httpx,1
erlang-uri-string,python-hyperlink,1
erlang-uri-string,python-lazr-uri,1
erlang-uri-string,python-mdurl,1
erlang-uri-string,python-purl,1
erlang-uri-string,python-rfc3986,1
erlang-uri-string,python-uritools,1
erlang-uri-string,python-urllib3,1
erlang-uri-string,python-yarl,1
erlang-uri-string,r-httr2,1
erlang-uri-string,r-urlparse,1
erlang-uri-string,r-urltools,1
erlang-uri-string,ruby-addressable,1
erlang-uri-string,ruby-uri,1
erlang-uri-string,rust-fluent-uri,1
erlang-uri-string,rust-hyper-uri,1
erlang-uri-string,rust-iref,1
erlang-uri-string,rust-reqwest,1
erlang-uri-string,rust-uriparse,1
erlang-uri-string,rust-url,1
erlang-uri-string,rust-urlparse,1
erlang-uri-string,swift-url,1
erlang-uri-string,swift-urlcomponents,1
erlang-uri-string,swift-weburl,1
erlang-uri-string,zig-std-uri,1
go-net,ada-uri-mime,1
go-net,bin-aria2,1
go-net,bin-trurl,1
go-net,bin-wget,1
go-net,clojure-uri,1
go-net,cpp-ada-url,1
go-net,cpp-boost-url,1
go-net,cpp-guri,1
go-net,cpp-http-parser,1
go-net,cpp-libcurl,1
go-net,cpp-poco-uri,1
go-net,cpp-qurl-strict,1
go-net,cpp-qurl-tolerant,1
go-net,cpp-uriparser,1
go-net,cpp-url-c-rfc,1
go-net,cpp-url-c-whatwg,1
go-net,crystal-uri,1
go-net,csharp-anglesharp,1
go-net,csharp-flurl,1
go-net,csharp-systemuri,1
go-net,dart-core,1
go-net,elixir-ex_url,1
go-net,elixir-uri,1
go-net,erlang-hackney-url,1
go-net,erlang-ibrowse-lib,1
go-net,erlang-uri-string,1
go-net,haskell-http-client,1
go-net,haskell-http-conduit,1
go-net,haskell-modern-uri,1
go-net,haskell-network-uri,1
go-net,haskell-uri-bytestring,1
go-net,java-apache-httpclient,1
go-net,java-galimatias,1
go-net,java-netty,1
go-net,java-okhttp,1
go-net,java-spring-web,1
go-net,java-uri,1
go-net,java-url,1
go-net,javascript-deno,1
go-net,javascript-domurl,1
go-net,javascript-fast-uri,1
go-net,javascript-fast-url-parser,1
go-net,javascript-jsuri,1
go-net,javascript-legacy,1
go-net,javascript-parse-uri,1
go-net,javascript-parse-url,1
go-net,javascript-parseuri,1
go-net,javascript-smithy,1
go-net,javascript-uri-js,1
go-net,javascript-uri-parser,1
go-net,javascript-urijs,1
go-net,javascript-url-parse,1
go-net,javascript-url-toolkit,1
go-net,javascript-whatwg,1
go-net,perl-mojo-url,1
go-net,perl-uri,1
go-net,php-amphp-uri,1
go-net,php-guzzle-psr7,1
go-net,php-laminas,1
go-net,php-league,1
go-net,php-ml-iri,1
go-net,php-nette-http,1
go-net,php-opis-uri,1
go-net,php-parseurl,1
go-net,php-pear-net-url2,1
go-net,php-phrity-net-uri,1
go-net,php-sabre,1
go-net,php-spatie,1
go-net,python-ada-url,1
go-net,python-furl,1
go-net,python-httpx,1
go-net,python-hyperlink,1
go-net,python-lazr-uri,1
go-net,python-mdurl,1
go-net,python-purl,1
go-net,python-rfc3986,1
go-net,python-uritools,1
go-net,python-urllib3,1
go-net,python-yarl,1
go-net,r-httr2,1
go-net,r-urlparse,1
go-net,r-urltools,1
go-net,ruby-addressable,1
go-net,ruby-uri,1
go-net,rust-fluent-uri,1
go-net,rust-hyper-uri,1
go-net,rust-iref,1
go-net,rust-reqwest,1
go-net,rust-uriparse,1
go-net,rust-url,1
go-net,rust-urlparse,1
go-net,swift-url,1
go-net,swift-urlcomponents,1
go-net,swift-weburl,1
go-net,zig-std-uri,1
haskell-http-client,ada-uri-mime,1
haskell-http-client,bin-aria2,1
haskell-http-client,bin-trurl,1
haskell-http-client,bin-wget,1
haskell-http-client,clojure-uri,1
haskell-http-client,cpp-ada-url,1
haskell-http-client,cpp-boost-url,1
haskell-http-client,cpp-guri,1
haskell-http-client,cpp-http-parser,1
haskell-http-client,cpp-libcurl,1
haskell-http-client,cpp-poco-uri,1
haskell-http-client,cpp-qurl-strict,1
haskell-http-client,cpp-qurl-tolerant,1
haskell-http-client,cpp-uriparser,1
haskell-http-client,cpp-url-c-rfc,1
haskell-http-client,cpp-url-c-whatwg,1
haskell-http-client,crystal-uri,1
haskell-http-client,csharp-anglesharp,1
haskell-http-client,csharp-flurl,1
haskell-http-client,csharp-systemuri,1
haskell-http-client,dart-core,1
haskell-http-client,elixir-ex_url,1
haskell-http-client,elixir-uri,1
haskell-http-client,erlang-hackney-url,1
haskell-http-client,erlang-ibrowse-lib,1
haskell-http-client,erlang-uri-string,1
haskell-http-client,go-net,1
haskell-http-client,haskell-http-conduit,0
haskell-http-client,haskell-modern-uri,1
haskell-http-client,haskell-network-uri,1
haskell-http-client,haskell-uri-bytestring,1
haskell-http-client,java-apache-httpclient,1
haskell-http-client,java-galimatias,1
haskell-http-client,java-netty,1
haskell-http-client,java-okhttp,1
haskell-http-client,java-spring-web,1
haskell-http-client,java-uri,1
haskell-http-client,java-url,1
haskell-http-client,javascript-deno,1
haskell-http-client,javascript-domurl,1
haskell-http-client,javascript-fast-uri,1
haskell-http-client,javascript-fast-url-parser,1
haskell-http-client,javascript-jsuri,1
haskell-http-client,javascript-legacy,1
haskell-http-client,javascript-parse-uri,1
haskell-http-client,javascript-parse-url,1
haskell-http-client,javascript-parseuri,1
haskell-http-client,javascript-smithy,1
haskell-http-client,javascript-uri-js,1
haskell-http-client,javascript-uri-parser,1
haskell-http-client,javascript-urijs,1
haskell-http-client,javascript-url-parse,1
haskell-http-client,javascript-url-toolkit,1
haskell-http-client,javascript-whatwg,1
haskell-http-client,perl-mojo-url,1
haskell-http-client,perl-uri,1
haskell-http-client,php-amphp-uri,1
haskell-http-client,php-guzzle-psr7,1
haskell-http-client,php-laminas,1
haskell-http-client,php-league,1
haskell-http-client,php-ml-iri,1
haskell-http-client,php-nette-http,1
haskell-http-client,php-opis-uri,1
haskell-http-client,php-parseurl,1
haskell-http-client,php-pear-net-url2,1
haskell-http-client,php-phrity-net-uri,1
haskell-http-client,php-sabre,1
haskell-http-client,php-spatie,1
haskell-http-client,python-ada-url,1
haskell-http-client,python-furl,1
haskell-http-client,python-httpx,1
haskell-http-client,python-hyperlink,1
haskell-http-client,python-lazr-uri,1
haskell-http-client,python-mdurl,1
haskell-http-client,python-purl,1
haskell-http-client,python-rfc3986,1
haskell-http-client,python-uritools,1
haskell-http-client,python-urllib3,1
haskell-http-client,python-yarl,1
haskell-http-client,r-httr2,1
haskell-http-client,r-urlparse,1
haskell-http-client,r-urltools,1
haskell-http-client,ruby-addressable,1
haskell-http-client,ruby-uri,1
haskell-http-client,rust-fluent-uri,1
haskell-http-client,rust-hyper-uri,1
haskell-http-client,rust-iref,1
haskell-http-client,rust-reqwest,1
haskell-http-client,rust-uriparse,1
haskell-http-client,rust-url,1
haskell-http-client,rust-urlparse,1
haskell-http-client,swift-url,1
haskell-http-client,swift-urlcomponents,1
haskell-http-client,swift-weburl,1
haskell-http-client,zig-std-uri,1
haskell-http-conduit,ada-uri-mime,1
haskell-http-conduit,bin-aria2,1
haskell-http-conduit,bin-trurl,1
haskell-http-conduit,bin-wget,1
haskell-http-conduit,clojure-uri,1
haskell-http-conduit,cpp-ada-url,1
haskell-http-conduit,cpp-boost-url,1
haskell-http-conduit,cpp-guri,1
haskell-http-conduit,cpp-http-parser,1
haskell-http-conduit,cpp-libcurl,1
haskell-http-conduit,cpp-poco-uri,1
haskell-http-conduit,cpp-qurl-strict,1
haskell-http-conduit,cpp-qurl-tolerant,1
haskell-http-conduit,cpp-uriparser,1
haskell-http-conduit,cpp-url-c-rfc,1
haskell-http-conduit,cpp-url-c-whatwg,1
haskell-http-conduit,crystal-uri,1
haskell-http-conduit,csharp-anglesharp,1
haskell-http-conduit,csharp-flurl,1
haskell-http-conduit,csharp-systemuri,1
haskell-http-conduit,dart-core,1
haskell-http-conduit,elixir-ex_url,1
haskell-http-conduit,elixir-uri,1
haskell-http-conduit,erlang-hackney-url,1
haskell-http-conduit,erlang-ibrowse-lib,1
haskell-http-conduit,erlang-uri-string,1
haskell-http-conduit,go-net,1
haskell-http-conduit,haskell-http-client,0
haskell-http-conduit,haskell-modern-uri,1
haskell-http-conduit,haskell-network-uri,1
haskell-http-conduit,haskell-uri-bytestring,1
haskell-http-conduit,java-apache-httpclient,1
haskell-http-conduit,java-galimatias,1
haskell-http-conduit,java-netty,1
haskell-http-conduit,java-okhttp,1
haskell-http-conduit,java-spring-web,1
haskell-http-conduit,java-uri,1
haskell-http-conduit,java-url,1
haskell-http-conduit,javascript-deno,1
haskell-http-conduit,javascript-domurl,1
haskell-http-conduit,javascript-fast-uri,1
haskell-http-conduit,javascript-fast-url-parser,1
haskell-http-conduit,javascript-jsuri,1
haskell-http-conduit,javascript-legacy,1
haskell-http-conduit,javascript-parse-uri,1
haskell-http-conduit,javascript-parse-url,1
haskell-http-conduit,javascript-parseuri,1
haskell-http-conduit,javascript-smithy,1
haskell-http-conduit,javascript-uri-js,1
haskell-http-conduit,javascript-uri-parser,1
haskell-http-conduit,javascript-urijs,1
haskell-http-conduit,javascript-url-parse,1
haskell-http-conduit,javascript-url-toolkit,1
haskell-http-conduit,javascript-whatwg,1
haskell-http-conduit,perl-mojo-url,1
haskell-http-conduit,perl-uri,1
haskell-http-conduit,php-amphp-uri,1
haskell-http-conduit,php-guzzle-psr7,1
haskell-http-conduit,php-laminas,1
haskell-http-conduit,php-league,1
haskell-http-conduit,php-ml-iri,1
haskell-http-conduit,php-nette-http,1
haskell-http-conduit,php-opis-uri,1
haskell-http-conduit,php-parseurl,1
haskell-http-conduit,php-pear-net-url2,1
haskell-http-conduit,php-phrity-net-uri,1
haskell-http-conduit,php-sabre,1
haskell-http-conduit,php-spatie,1
haskell-http-conduit,python-ada-url,1
haskell-http-conduit,python-furl,1
haskell-http-conduit,python-httpx,1
haskell-http-conduit,python-hyperlink,1
haskell-http-conduit,python-lazr-uri,1
haskell-http-conduit,python-mdurl,1
haskell-http-conduit,python-purl,1
haskell-http-conduit,python-rfc3986,1
haskell-http-conduit,python-uritools,1
haskell-http-conduit,python-urllib3,1
haskell-http-conduit,python-yarl,1
haskell-http-conduit,r-httr2,1
haskell-http-conduit,r-urlparse,1
haskell-http-conduit,r-urltools,1
haskell-http-conduit,ruby-addressable,1
haskell-http-conduit,ruby-uri,1
haskell-http-conduit,rust-fluent-uri,1
haskell-http-conduit,rust-hyper-uri,1
haskell-http-conduit,rust-iref,1
haskell-http-conduit,rust-reqwest,1
haskell-http-conduit,rust-uriparse,1
haskell-http-conduit,rust-url,1
haskell-http-conduit,rust-urlparse,1
haskell-http-conduit,swift-url,1
haskell-http-conduit,swift-urlcomponents,1
haskell-http-conduit,swift-weburl,1
haskell-http-conduit,zig-std-uri,1
haskell-modern-uri,ada-uri-mime,1
haskell-modern-uri,bin-aria2,1
haskell-modern-uri,bin-trurl,1
haskell-modern-uri,bin-wget,1
haskell-modern-uri,clojure-uri,1
haskell-modern-uri,cpp-ada-url,1
haskell-modern-uri,cpp-boost-url,1
haskell-modern-uri,cpp-guri,1
haskell-modern-uri,cpp-http-parser,1
haskell-modern-uri,cpp-libcurl,1
haskell-modern-uri,cpp-poco-uri,1
haskell-modern-uri,cpp-qurl-strict,1
haskell-modern-uri,cpp-qurl-tolerant,1
haskell-modern-uri,cpp-uriparser,1
haskell-modern-uri,cpp-url-c-rfc,1
haskell-modern-uri,cpp-url-c-whatwg,1
haskell-modern-uri,crystal-uri,1
haskell-modern-uri,csharp-anglesharp,1
haskell-modern-uri,csharp-flurl,1
haskell-modern-uri,csharp-systemuri,1
haskell-modern-uri,dart-core,1
haskell-modern-uri,elixir-ex_url,1
haskell-modern-uri,elixir-uri,1
haskell-modern-uri,erlang-hackney-url,1
haskell-modern-uri,erlang-ibrowse-lib,1
haskell-modern-uri,erlang-uri-string,1
haskell-modern-uri,go-net,1
haskell-modern-uri,haskell-http-client,1
haskell-modern-uri,haskell-http-conduit,1
haskell-modern-uri,haskell-network-uri,1
haskell-modern-uri,haskell-uri-bytestring,1
haskell-modern-uri,java-apache-httpclient,1
haskell-modern-uri,java-galimatias,1
haskell-modern-uri,java-netty,1
haskell-modern-uri,java-okhttp,1
haskell-modern-uri,java-spring-web,1
haskell-modern-uri,java-uri,1
haskell-modern-uri,java-url,1
haskell-modern-uri,javascript-deno,1
haskell-modern-uri,javascript-domurl,1
haskell-modern-uri,javascript-fast-uri,1
haskell-modern-uri,javascript-fast-url-parser,1
haskell-modern-uri,javascript-jsuri,1
haskell-modern-uri,javascript-legacy,1
haskell-modern-uri,javascript-parse-uri,1
haskell-modern-uri,javascript-parse-url,1
haskell-modern-uri,javascript-parseuri,1
haskell-modern-uri,javascript-smithy,1
haskell-modern-uri,javascript-uri-js,1
haskell-modern-uri,javascript-uri-parser,1
haskell-modern-uri,javascript-urijs,1
haskell-modern-uri,javascript-url-parse,1
haskell-modern-uri,javascript-url-toolkit,1
haskell-modern-uri,javascript-whatwg,1
haskell-modern-uri,perl-mojo-url,1
haskell-modern-uri,perl-uri,1
haskell-modern-uri,php-amphp-uri,1
haskell-modern-uri,php-guzzle-psr7,1
haskell-modern-uri,php-laminas,1
haskell-modern-uri,php-league,1
haskell-modern-uri,php-ml-iri,1
haskell-modern-uri,php-nette-http,1
haskell-modern-uri,php-opis-uri,1
haskell-modern-uri,php-parseurl,1
haskell-modern-uri,php-pear-net-url2,1
haskell-modern-uri,php-phrity-net-uri,1
haskell-modern-uri,php-sabre,1
haskell-modern-uri,php-spatie,1
haskell-modern-uri,python-ada-url,1
haskell-modern-uri,python-furl,1
haskell-modern-uri,python-httpx,1
haskell-modern-uri,python-hyperlink,1
haskell-modern-uri,python-lazr-uri,1
haskell-modern-uri,python-mdurl,1
haskell-modern-uri,python-purl,1
haskell-modern-uri,python-rfc3986,1
haskell-modern-uri,python-uritools,1
haskell-modern-uri,python-urllib3,1
haskell-modern-uri,python-yarl,1
haskell-modern-uri,r-httr2,1
haskell-modern-uri,r-urlparse,1
haskell-modern-uri,r-urltools,1
haskell-modern-uri,ruby-addressable,1
haskell-modern-uri,ruby-uri,1
haskell-modern-uri,rust-fluent-uri,1
haskell-modern-uri,rust-hyper-uri,1
haskell-modern-uri,rust-iref,1
haskell-modern-uri,rust-reqwest,1
haskell-modern-uri,rust-uriparse,1
haskell-modern-uri,rust-url,1
haskell-modern-uri,rust-urlparse,1
haskell-modern-uri,swift-url,1
haskell-modern-uri,swift-urlcomponents,1
haskell-modern-uri,swift-weburl,1
haskell-modern-uri,zig-std-uri,1
haskell-network-uri,ada-uri-mime,1
haskell-network-uri,bin-aria2,1
haskell-network-uri,bin-trurl,1
haskell-network-uri,bin-wget,1
haskell-network-uri,clojure-uri,1
haskell-network-uri,cpp-ada-url,1
haskell-network-uri,cpp-boost-url,1
haskell-network-uri,cpp-guri,1
haskell-network-uri,cpp-http-parser,1
haskell-network-uri,cpp-libcurl,1
haskell-network-uri,cpp-poco-uri,1
haskell-network-uri,cpp-qurl-strict,1
haskell-network-uri,cpp-qurl-tolerant,1
haskell-network-uri,cpp-uriparser,1
haskell-network-uri,cpp-url-c-rfc,1
haskell-network-uri,cpp-url-c-whatwg,1
haskell-network-uri,crystal-uri,1
haskell-network-uri,csharp-anglesharp,1
haskell-network-uri,csharp-flurl,1
haskell-network-uri,csharp-systemuri,1
haskell-network-uri,dart-core,1
haskell-network-uri,elixir-ex_url,1
haskell-network-uri,elixir-uri,1
haskell-network-uri,erlang-hackney-url,1
haskell-network-uri,erlang-ibrowse-lib,1
haskell-network-uri,erlang-uri-string,1
haskell-network-uri,go-net,1
haskell-network-uri,haskell-http-client,1
haskell-network-uri,haskell-http-conduit,1
haskell-network-uri,haskell-modern-uri,1
haskell-network-uri,haskell-uri-bytestring,1
haskell-network-uri,java-apache-httpclient,1
haskell-network-uri,java-galimatias,1
haskell-network-uri,java-netty,1
haskell-network-uri,java-okhttp,1
haskell-network-uri,java-spring-web,1
haskell-network-uri,java-uri,1
haskell-network-uri,java-url,1
haskell-network-uri,javascript-deno,1
haskell-network-uri,javascript-domurl,1
haskell-network-uri,javascript-fast-uri,1
haskell-network-uri,javascript-fast-url-parser,1
haskell-network-uri,javascript-jsuri,1
haskell-network-uri,javascript-legacy,1
haskell-network-uri,javascript-parse-uri,1
haskell-network-uri,javascript-parse-url,1
haskell-network-uri,javascript-parseuri,1
haskell-network-uri,javascript-smithy,1
haskell-network-uri,javascript-uri-js,1
haskell-network-uri,javascript-uri-parser,1
haskell-network-uri,javascript-urijs,1
haskell-network-uri,javascript-url-parse,1
haskell-network-uri,javascript-url-toolkit,1
haskell-network-uri,javascript-whatwg,1
haskell-network-uri,perl-mojo-url,1
haskell-network-uri,perl-uri,1
haskell-network-uri,php-amphp-uri,1
haskell-network-uri,php-guzzle-psr7,1
haskell-network-uri,php-laminas,1
haskell-network-uri,php-league,1
haskell-network-uri,php-ml-iri,1
haskell-network-uri,php-nette-http,1
haskell-network-uri,php-opis-uri,1
haskell-network-uri,php-parseurl,1
haskell-network-uri,php-pear-net-url2,1
haskell-network-uri,php-phrity-net-uri,1
haskell-network-uri,php-sabre,1
haskell-network-uri,php-spatie,1
haskell-network-uri,python-ada-url,1
haskell-network-uri,python-furl,1
haskell-network-uri,python-httpx,1
haskell-network-uri,python-hyperlink,1
haskell-network-uri,python-lazr-uri,1
haskell-network-uri,python-mdurl,1
haskell-network-uri,python-purl,1
haskell-network-uri,python-rfc3986,1
haskell-network-uri,python-uritools,1
haskell-network-uri,python-urllib3,1
haskell-network-uri,python-yarl,1
haskell-network-uri,r-httr2,1
haskell-network-uri,r-urlparse,1
haskell-network-uri,r-urltools,1
haskell-network-uri,ruby-addressable,1
haskell-network-uri,ruby-uri,1
haskell-network-uri,rust-fluent-uri,0
haskell-network-uri,rust-hyper-uri,1
haskell-network-uri,rust-iref,1
haskell-network-uri,rust-reqwest,1
haskell-network-uri,rust-uriparse,1
haskell-network-uri,rust-url,1
haskell-network-uri,rust-urlparse,1
haskell-network-uri,swift-url,1
haskell-network-uri,swift-urlcomponents,1
haskell-network-uri,swift-weburl,1
haskell-network-uri,zig-std-uri,1
haskell-uri-bytestring,ada-uri-mime,1
haskell-uri-bytestring,bin-aria2,1
haskell-uri-bytestring,bin-trurl,1
haskell-uri-bytestring,bin-wget,1
haskell-uri-bytestring,clojure-uri,1
haskell-uri-bytestring,cpp-ada-url,1
haskell-uri-bytestring,cpp-boost-url,1
haskell-uri-bytestring,cpp-guri,1
haskell-uri-bytestring,cpp-http-parser,1
haskell-uri-bytestring,cpp-libcurl,1
haskell-uri-bytestring,cpp-poco-uri,1
haskell-uri-bytestring,cpp-qurl-strict,1
haskell-uri-bytestring,cpp-qurl-tolerant,1
haskell-uri-bytestring,cpp-uriparser,1
haskell-uri-bytestring,cpp-url-c-rfc,1
haskell-uri-bytestring,cpp-url-c-whatwg,1
haskell-uri-bytestring,crystal-uri,1
haskell-uri-bytestring,csharp-anglesharp,1
haskell-uri-bytestring,csharp-flurl,1
haskell-uri-bytestring,csharp-systemuri,1
haskell-uri-bytestring,dart-core,1
haskell-uri-bytestring,elixir-ex_url,1
haskell-uri-bytestring,elixir-uri,1
haskell-uri-bytestring,erlang-hackney-url,1
haskell-uri-bytestring,erlang-ibrowse-lib,1
haskell-uri-bytestring,erlang-uri-string,1
haskell-uri-bytestring,go-net,1
haskell-uri-bytestring,haskell-http-client,1
haskell-uri-bytestring,haskell-http-conduit,1
haskell-uri-bytestring,haskell-modern-uri,1
haskell-uri-bytestring,haskell-network-uri,1
haskell-uri-bytestring,java-apache-httpclient,1
haskell-uri-bytestring,java-galimatias,1
haskell-uri-bytestring,java-netty,1
haskell-uri-bytestring,java-okhttp,1
haskell-uri-bytestring,java-spring-web,1
haskell-uri-bytestring,java-uri,1
haskell-uri-bytestring,java-url,1
haskell-uri-bytestring,javascript-deno,1
haskell-uri-bytestring,javascript-domurl,1
haskell-uri-bytestring,javascript-fast-uri,1
haskell-uri-bytestring,javascript-fast-url-parser,1
haskell-uri-bytestring,javascript-jsuri,1
haskell-uri-bytestring,javascript-legacy,1
haskell-uri-bytestring,javascript-parse-uri,1
haskell-uri-bytestring,javascript-parse-url,1
haskell-uri-bytestring,javascript-parseuri,1
haskell-uri-bytestring,javascript-smithy,1
haskell-uri-bytestring,javascript-uri-js,1
haskell-uri-bytestring,javascript-uri-parser,1
haskell-uri-bytestring,javascript-urijs,1
haskell-uri-bytestring,javascript-url-parse,1
haskell-uri-bytestring,javascript-url-toolkit,1
haskell-uri-bytestring,javascript-whatwg,1
haskell-uri-bytestring,perl-mojo-url,1
haskell-uri-bytestring,perl-uri,1
haskell-uri-bytestring,php-amphp-uri,1
haskell-uri-bytestring,php-guzzle-psr7,1
haskell-uri-bytestring,php-laminas,1
haskell-uri-bytestring,php-league,1
haskell-uri-bytestring,php-ml-iri,1
haskell-uri-bytestring,php-nette-http,1
haskell-uri-bytestring,php-opis-uri,1
haskell-uri-bytestring,php-parseurl,1
haskell-uri-bytestring,php-pear-net-url2,1
haskell-uri-bytestring,php-phrity-net-uri,1
haskell-uri-bytestring,php-sabre,1
haskell-uri-bytestring,php-spatie,1
haskell-uri-bytestring,python-ada-url,1
haskell-uri-bytestring,python-furl,1
haskell-uri-bytestring,python-httpx,1
haskell-uri-bytestring,python-hyperlink,1
haskell-uri-bytestring,python-lazr-uri,1
haskell-uri-bytestring,python-mdurl,1
haskell-uri-bytestring,python-purl,1
haskell-uri-bytestring,python-rfc3986,1
haskell-uri-bytestring,python-uritools,1
haskell-uri-bytestring,python-urllib3,1
haskell-uri-bytestring,python-yarl,1
haskell-uri-bytestring,r-httr2,1
haskell-uri-bytestring,r-urlparse,1
haskell-uri-bytestring,r-urltools,1
haskell-uri-bytestring,ruby-addressable,1
haskell-uri-bytestring,ruby-uri,1
haskell-uri-bytestring,rust-fluent-uri,1
haskell-uri-bytestring,rust-hyper-uri,1
haskell-uri-bytestring,rust-iref,1
haskell-uri-bytestring,rust-reqwest,1
haskell-uri-bytestring,rust-uriparse,1
haskell-uri-bytestring,rust-url,1
haskell-uri-bytestring,rust-urlparse,1
haskell-uri-bytestring,swift-url,1
haskell-uri-bytestring,swift-urlcomponents,1
haskell-uri-bytestring,swift-weburl,1
haskell-uri-bytestring,zig-std-uri,1
java-apache-httpclient,ada-uri-mime,1
java-apache-httpclient,bin-aria2,1
java-apache-httpclient,bin-trurl,1
java-apache-httpclient,bin-wget,1
java-apache-httpclient,clojure-uri,1
java-apache-httpclient,cpp-ada-url,1
java-apache-httpclient,cpp-boost-url,1
java-apache-httpclient,cpp-guri,1
java-apache-httpclient,cpp-http-parser,1
java-apache-httpclient,cpp-libcurl,1
java-apache-httpclient,cpp-poco-uri,1
java-apache-httpclient,cpp-qurl-strict,1
java-apache-httpclient,cpp-qurl-tolerant,1
java-apache-httpclient,cpp-uriparser,1
java-apache-httpclient,cpp-url-c-rfc,1
java-apache-httpclient,cpp-url-c-whatwg,1
java-apache-httpclient,crystal-uri,1
java-apache-httpclient,csharp-anglesharp,1
java-apache-httpclient,csharp-flurl,1
java-apache-httpclient,csharp-systemuri,1
java-apache-httpclient,dart-core,1
java-apache-httpclient,elixir-ex_url,1
java-apache-httpclient,elixir-uri,1
java-apache-httpclient,erlang-hackney-url,1
java-apache-httpclient,erlang-ibrowse-lib,1
java-apache-httpclient,erlang-uri-string,1
java-apache-httpclient,go-net,1
java-apache-httpclient,haskell-http-client,1
java-apache-httpclient,haskell-http-conduit,1
java-apache-httpclient,haskell-modern-uri,1
java-apache-httpclient,haskell-network-uri,1
java-apache-httpclient,haskell-uri-bytestring,1
java-apache-httpclient,java-galimatias,1
java-apache-httpclient,java-netty,0
java-apache-httpclient,java-okhttp,1
java-apache-httpclient,java-spring-web,1
java-apache-httpclient,java-uri,1
java-apache-httpclient,java-url,1
java-apache-httpclient,javascript-deno,1
java-apache-httpclient,javascript-domurl,1
java-apache-httpclient,javascript-fast-uri,1
java-apache-httpclient,javascript-fast-url-parser,1
java-apache-httpclient,javascript-jsuri,1
java-apache-httpclient,javascript-legacy,1
java-apache-httpclient,javascript-parse-uri,1
java-apache-httpclient,javascript-parse-url,1
java-apache-httpclient,javascript-parseuri,1
java-apache-httpclient,javascript-smithy,1
java-apache-httpclient,javascript-uri-js,1
java-apache-httpclient,javascript-uri-parser,1
java-apache-httpclient,javascript-urijs,1
java-apache-httpclient,javascript-url-parse,1
java-apache-httpclient,javascript-url-toolkit,1
java-apache-httpclient,javascript-whatwg,1
java-apache-httpclient,perl-mojo-url,1
java-apache-httpclient,perl-uri,1
java-apache-httpclient,php-amphp-uri,1
java-apache-httpclient,php-guzzle-psr7,1
java-apache-httpclient,php-laminas,1
java-apache-httpclient,php-league,1
java-apache-httpclient,php-ml-iri,1
java-apache-httpclient,php-nette-http,1
java-apache-httpclient,php-opis-uri,1
java-apache-httpclient,php-parseurl,1
java-apache-httpclient,php-pear-net-url2,1
java-apache-httpclient,php-phrity-net-uri,1
java-apache-httpclient,php-sabre,1
java-apache-httpclient,php-spatie,1
java-apache-httpclient,python-ada-url,1
java-apache-httpclient,python-furl,1
java-apache-httpclient,python-httpx,1
java-apache-httpclient,python-hyperlink,1
java-apache-httpclient,python-lazr-uri,1
java-apache-httpclient,python-mdurl,1
java-apache-httpclient,python-purl,1
java-apache-httpclient,python-rfc3986,1
java-apache-httpclient,python-uritools,1
java-apache-httpclient,python-urllib3,1
java-apache-httpclient,python-yarl,1
java-apache-httpclient,r-httr2,1
java-apache-httpclient,r-urlparse,1
java-apache-httpclient,r-urltools,1
java-apache-httpclient,ruby-addressable,1
java-apache-httpclient,ruby-uri,1
java-apache-httpclient,rust-fluent-uri,1
java-apache-httpclient,rust-hyper-uri,1
java-apache-httpclient,rust-iref,1
java-apache-httpclient,rust-reqwest,1
java-apache-httpclient,rust-uriparse,1
java-apache-httpclient,rust-url,1
java-apache-httpclient,rust-urlparse,1
java-apache-httpclient,swift-url,1
java-apache-httpclient,swift-urlcomponents,1
java-apache-httpclient,swift-weburl,1
java-apache-httpclient,zig-std-uri,1
java-galimatias,ada-uri-mime,1
java-galimatias,bin-aria2,1
java-galimatias,bin-trurl,1
java-galimatias,bin-wget,1
java-galimatias,clojure-uri,1
java-galimatias,cpp-ada-url,1
java-galimatias,cpp-boost-url,1
java-galimatias,cpp-guri,1
java-galimatias,cpp-http-parser,1
java-galimatias,cpp-libcurl,1
java-galimatias,cpp-poco-uri,1
java-galimatias,cpp-qurl-strict,1
java-galimatias,cpp-qurl-tolerant,1
java-galimatias,cpp-uriparser,1
java-galimatias,cpp-url-c-rfc,1
java-galimatias,cpp-url-c-whatwg,1
java-galimatias,crystal-uri,1
java-galimatias,csharp-anglesharp,1
java-galimatias,csharp-flurl,1
java-galimatias,csharp-systemuri,1
java-galimatias,dart-core,1
java-galimatias,elixir-ex_url,1
java-galimatias,elixir-uri,1
java-galimatias,erlang-hackney-url,1
java-galimatias,erlang-ibrowse-lib,1
java-galimatias,erlang-uri-string,1
java-galimatias,go-net,1
java-galimatias,haskell-http-client,1
java-galimatias,haskell-http-conduit,1
java-galimatias,haskell-modern-uri,1
java-galimatias,haskell-network-uri,1
java-galimatias,haskell-uri-bytestring,1
java-galimatias,java-apache-httpclient,1
java-galimatias,java-netty,1
java-galimatias,java-okhttp,1
java-galimatias,java-spring-web,1
java-galimatias,java-uri,1
java-galimatias,java-url,1
java-galimatias,javascript-deno,1
java-galimatias,javascript-domurl,1
java-galimatias,javascript-fast-uri,1
java-galimatias,javascript-fast-url-parser,1
java-galimatias,javascript-jsuri,1
java-galimatias,javascript-legacy,1
java-galimatias,javascript-parse-uri,1
java-galimatias,javascript-parse-url,1
java-galimatias,javascript-parseuri,1
java-galimatias,javascript-smithy,1
java-galimatias,javascript-uri-js,1
java-galimatias,javascript-uri-parser,1
java-galimatias,javascript-urijs,1
java-galimatias,javascript-url-parse,1
java-galimatias,javascript-url-toolkit,1
java-galimatias,javascript-whatwg,1
java-galimatias,perl-mojo-url,1
java-galimatias,perl-uri,1
java-galimatias,php-amphp-uri,1
java-galimatias,php-guzzle-psr7,1
java-galimatias,php-laminas,1
java-galimatias,php-league,1
java-galimatias,php-ml-iri,1
java-galimatias,php-nette-http,1
java-galimatias,php-opis-uri,1
java-galimatias,php-parseurl,1
java-galimatias,php-pear-net-url2,1
java-galimatias,php-phrity-net-uri,1
java-galimatias,php-sabre,1
java-galimatias,php-spatie,1
java-galimatias,python-ada-url,1
java-galimatias,python-furl,1
java-galimatias,python-httpx,1
java-galimatias,python-hyperlink,1
java-galimatias,python-lazr-uri,1
java-galimatias,python-mdurl,1
java-galimatias,python-purl,1
java-galimatias,python-rfc3986,1
java-galimatias,python-uritools,1
java-galimatias,python-urllib3,1
java-galimatias,python-yarl,1
java-galimatias,r-httr2,1
java-galimatias,r-urlparse,1
java-galimatias,r-urltools,1
java-galimatias,ruby-addressable,1
java-galimatias,ruby-uri,1
java-galimatias,rust-fluent-uri,1
java-galimatias,rust-hyper-uri,1
java-galimatias,rust-iref,1
java-galimatias,rust-reqwest,1
java-galimatias,rust-uriparse,1
java-galimatias,rust-url,1
java-galimatias,rust-urlparse,1
java-galimatias,swift-url,1
java-galimatias,swift-urlcomponents,1
java-galimatias,swift-weburl,1
java-galimatias,zig-std-uri,1
java-netty,ada-uri-mime,1
java-netty,bin-aria2,1
java-netty,bin-trurl,1
java-netty,bin-wget,1
java-netty,clojure-uri,1
java-netty,cpp-ada-url,1
java-netty,cpp-boost-url,1
java-netty,cpp-guri,1
java-netty,cpp-http-parser,1
java-netty,cpp-libcurl,1
java-netty,cpp-poco-uri,1
java-netty,cpp-qurl-strict,1
java-netty,cpp-qurl-tolerant,1
java-netty,cpp-uriparser,1
java-netty,cpp-url-c-rfc,1
java-netty,cpp-url-c-whatwg,1
java-netty,crystal-uri,1
java-netty,csharp-anglesharp,1
java-netty,csharp-flurl,1
java-netty,csharp-systemuri,1
java-netty,dart-core,1
java-netty,elixir-ex_url,1
java-netty,elixir-uri,1
java-netty,erlang-hackney-url,1
java-netty,erlang-ibrowse-lib,1
java-netty,erlang-uri-string,1
java-netty,go-net,1
java-netty,haskell-http-client,1
java-netty,haskell-http-conduit,1
java-netty,haskell-modern-uri,1
java-netty,haskell-network-uri,1
java-netty,haskell-uri-bytestring,1
java-netty,java-apache-httpclient,0
java-netty,java-galimatias,1
java-netty,java-okhttp,1
java-netty,java-spring-web,1
java-netty,java-uri,1
java-netty,java-url,1
java-netty,javascript-deno,1
java-netty,javascript-domurl,1
java-netty,javascript-fast-uri,1
java-netty,javascript-fast-url-parser,1
java-netty,javascript-jsuri,1
java-netty,javascript-legacy,1
java-netty,javascript-parse-uri,1
java-netty,javascript-parse-url,1
java-netty,javascript-parseuri,1
java-netty,javascript-smithy,1
java-netty,javascript-uri-js,1
java-netty,javascript-uri-parser,1
java-netty,javascript-urijs,1
java-netty,javascript-url-parse,1
java-netty,javascript-url-toolkit,1
java-netty,javascript-whatwg,1
java-netty,perl-mojo-url,1
java-netty,perl-uri,1
java-netty,php-amphp-uri,1
java-netty,php-guzzle-psr7,1
java-netty,php-laminas,1
java-netty,php-league,1
java-netty,php-ml-iri,1
java-netty,php-nette-http,1
java-netty,php-opis-uri,1
java-netty,php-parseurl,1
java-netty,php-pear-net-url2,1
java-netty,php-phrity-net-uri,1
java-netty,php-sabre,1
java-netty,php-spatie,1
java-netty,python-ada-url,1
java-netty,python-furl,1
java-netty,python-httpx,1
java-netty,python-hyperlink,1
java-netty,python-lazr-uri,1
java-netty,python-mdurl,1
java-netty,python-purl,1
java-netty,python-rfc3986,1
java-netty,python-uritools,1
java-netty,python-urllib3,1
java-netty,python-yarl,1
java-netty,r-httr2,1
java-netty,r-urlparse,1
java-netty,r-urltools,1
java-netty,ruby-addressable,1
java-netty,ruby-uri,1
java-netty,rust-fluent-uri,1
java-netty,rust-hyper-uri,1
java-netty,rust-iref,1
java-netty,rust-reqwest,1
java-netty,rust-uriparse,1
java-netty,rust-url,1
java-netty,rust-urlparse,1
java-netty,swift-url,1
java-netty,swift-urlcomponents,1
java-netty,swift-weburl,1
java-netty,zig-std-uri,1
java-okhttp,ada-uri-mime,1
java-okhttp,bin-aria2,1
java-okhttp,bin-trurl,1
java-okhttp,bin-wget,1
java-okhttp,clojure-uri,1
java-okhttp,cpp-ada-url,1
java-okhttp,cpp-boost-url,1
java-okhttp,cpp-guri,1
java-okhttp,cpp-http-parser,1
java-okhttp,cpp-libcurl,1
java-okhttp,cpp-poco-uri,1
java-okhttp,cpp-qurl-strict,1
java-okhttp,cpp-qurl-tolerant,1
java-okhttp,cpp-uriparser,1
java-okhttp,cpp-url-c-rfc,1
java-okhttp,cpp-url-c-whatwg,1
java-okhttp,crystal-uri,1
java-okhttp,csharp-anglesharp,1
java-okhttp,csharp-flurl,1
java-okhttp,csharp-systemuri,1
java-okhttp,dart-core,1
java-okhttp,elixir-ex_url,1
java-okhttp,elixir-uri,1
java-okhttp,erlang-hackney-url,1
java-okhttp,erlang-ibrowse-lib,1
java-okhttp,erlang-uri-string,1
java-okhttp,go-net,1
java-okhttp,haskell-http-client,1
java-okhttp,haskell-http-conduit,1
java-okhttp,haskell-modern-uri,1
java-okhttp,haskell-network-uri,1
java-okhttp,haskell-uri-bytestring,1
java-okhttp,java-apache-httpclient,1
java-okhttp,java-galimatias,1
java-okhttp,java-netty,1
java-okhttp,java-spring-web,1
java-okhttp,java-uri,1
java-okhttp,java-url,1
java-okhttp,javascript-deno,1
java-okhttp,javascript-domurl,1
java-okhttp,javascript-fast-uri,1
java-okhttp,javascript-fast-url-parser,1
java-okhttp,javascript-jsuri,1
java-okhttp,javascript-legacy,1
java-okhttp,javascript-parse-uri,1
java-okhttp,javascript-parse-url,1
java-okhttp,javascript-parseuri,1
java-okhttp,javascript-smithy,1
java-okhttp,javascript-uri-js,1
java-okhttp,javascript-uri-parser,1
java-okhttp,javascript-urijs,1
java-okhttp,javascript-url-parse,1
java-okhttp,javascript-url-toolkit,1
java-okhttp,javascript-whatwg,1
java-okhttp,perl-mojo-url,1
java-okhttp,perl-uri,1
java-okhttp,php-amphp-uri,1
java-okhttp,php-guzzle-psr7,1
java-okhttp,php-laminas,1
java-okhttp,php-league,1
java-okhttp,php-ml-iri,1
java-okhttp,php-nette-http,1
java-okhttp,php-opis-uri,1
java-okhttp,php-parseurl,1
java-okhttp,php-pear-net-url2,1
java-okhttp,php-phrity-net-uri,1
java-okhttp,php-sabre,1
java-okhttp,php-spatie,1
java-okhttp,python-ada-url,1
java-okhttp,python-furl,1
java-okhttp,python-httpx,1
java-okhttp,python-hyperlink,1
java-okhttp,python-lazr-uri,1
java-okhttp,python-mdurl,1
java-okhttp,python-purl,1
java-okhttp,python-rfc3986,1
java-okhttp,python-uritools,1
java-okhttp,python-urllib3,1
java-okhttp,python-yarl,1
java-okhttp,r-httr2,1
java-okhttp,r-urlparse,1
java-okhttp,r-urltools,1
java-okhttp,ruby-addressable,1
java-okhttp,ruby-uri,1
java-okhttp,rust-fluent-uri,1
java-okhttp,rust-hyper-uri,1
java-okhttp,rust-iref,1
java-okhttp,rust-reqwest,1
java-okhttp,rust-uriparse,1
java-okhttp,rust-url,1
java-okhttp,rust-urlparse,1
java-okhttp,swift-url,1
java-okhttp,swift-urlcomponents,1
java-okhttp,swift-weburl,1
java-okhttp,zig-std-uri,1
java-spring-web,ada-uri-mime,1
java-spring-web,bin-aria2,1
java-spring-web,bin-trurl,1
java-spring-web,bin-wget,1
java-spring-web,clojure-uri,1
java-spring-web,cpp-ada-url,1
java-spring-web,cpp-boost-url,1
java-spring-web,cpp-guri,1
java-spring-web,cpp-http-parser,1
java-spring-web,cpp-libcurl,1
java-spring-web,cpp-poco-uri,1
java-spring-web,cpp-qurl-strict,1
java-spring-web,cpp-qurl-tolerant,1
java-spring-web,cpp-uriparser,1
java-spring-web,cpp-url-c-rfc,1
java-spring-web,cpp-url-c-whatwg,1
java-spring-web,crystal-uri,1
java-spring-web,csharp-anglesharp,1
java-spring-web,csharp-flurl,1
java-spring-web,csharp-systemuri,1
java-spring-web,dart-core,1
java-spring-web,elixir-ex_url,1
java-spring-web,elixir-uri,1
java-spring-web,erlang-hackney-url,1
java-spring-web,erlang-ibrowse-lib,1
java-spring-web,erlang-uri-string,1
java-spring-web,go-net,1
java-spring-web,haskell-http-client,1
java-spring-web,haskell-http-conduit,1
java-spring-web,haskell-modern-uri,1
java-spring-web,haskell-network-uri,1
java-spring-web,haskell-uri-bytestring,1
java-spring-web,java-apache-httpclient,1
java-spring-web,java-galimatias,1
java-spring-web,java-netty,1
java-spring-web,java-okhttp,1
java-spring-web,java-uri,1
java-spring-web,java-url,1
java-spring-web,javascript-deno,1
java-spring-web,javascript-domurl,1
java-spring-web,javascript-fast-uri,1
java-spring-web,javascript-fast-url-parser,1
java-spring-web,javascript-jsuri,1
java-spring-web,javascript-legacy,1
java-spring-web,javascript-parse-uri,1
java-spring-web,javascript-parse-url,1
java-spring-web,javascript-parseuri,1
java-spring-web,javascript-smithy,1
java-spring-web,javascript-uri-js,1
java-spring-web,javascript-uri-parser,1
java-spring-web,javascript-urijs,1
java-spring-web,javascript-url-parse,1
java-spring-web,javascript-url-toolkit,1
java-spring-web,javascript-whatwg,1
java-spring-web,perl-mojo-url,1
java-spring-web,perl-uri,1
java-spring-web,php-amphp-uri,1
java-spring-web,php-guzzle-psr7,1
java-spring-web,php-laminas,1
java-spring-web,php-league,1
java-spring-web,php-ml-iri,1
java-spring-web,php-nette-http,1
java-spring-web,php-opis-uri,1
java-spring-web,php-parseurl,1
java-spring-web,php-pear-net-url2,1
java-spring-web,php-phrity-net-uri,1
java-spring-web,php-sabre,1
java-spring-web,php-spatie,1
java-spring-web,python-ada-url,1
java-spring-web,python-furl,1
java-spring-web,python-httpx,1
java-spring-web,python-hyperlink,1
java-spring-web,python-lazr-uri,1
java-spring-web,python-mdurl,1
java-spring-web,python-purl,1
java-spring-web,python-rfc3986,1
java-spring-web,python-uritools,1
java-spring-web,python-urllib3,1
java-spring-web,python-yarl,1
java-spring-web,r-httr2,1
java-spring-web,r-urlparse,1
java-spring-web,r-urltools,1
java-spring-web,ruby-addressable,1
java-spring-web,ruby-uri,1
java-spring-web,rust-fluent-uri,1
java-spring-web,rust-hyper-uri,1
java-spring-web,rust-iref,1
java-spring-web,rust-reqwest,1
java-spring-web,rust-uriparse,1
java-spring-web,rust-url,1
java-spring-web,rust-urlparse,1
java-spring-web,swift-url,1
java-spring-web,swift-urlcomponents,1
java-spring-web,swift-weburl,1
java-spring-web,zig-std-uri,1
java-uri,ada-uri-mime,1
java-uri,bin-aria2,1
java-uri,bin-trurl,1
java-uri,bin-wget,1
java-uri,clojure-uri,1
java-uri,cpp-ada-url,1
java-uri,cpp-boost-url,1
java-uri,cpp-guri,1
java-uri,cpp-http-parser,1
java-uri,cpp-libcurl,1
java-uri,cpp-poco-uri,1
java-uri,cpp-qurl-strict,1
java-uri,cpp-qurl-tolerant,1
java-uri,cpp-uriparser,1
java-uri,cpp-url-c-rfc,1
java-uri,cpp-url-c-whatwg,1
java-uri,crystal-uri,1
java-uri,csharp-anglesharp,1
java-uri,csharp-flurl,1
java-uri,csharp-systemuri,1
java-uri,dart-core,1
java-uri,elixir-ex_url,1
java-uri,elixir-uri,1
java-uri,erlang-hackney-url,1
java-uri,erlang-ibrowse-lib,1
java-uri,erlang-uri-string,1
java-uri,go-net,1
java-uri,haskell-http-client,1
java-uri,haskell-http-conduit,1
java-uri,haskell-modern-uri,1
java-uri,haskell-network-uri,1
java-uri,haskell-uri-bytestring,1
java-uri,java-apache-httpclient,1
java-uri,java-galimatias,1
java-uri,java-netty,1
java-uri,java-okhttp,1
java-uri,java-spring-web,1
java-uri,java-url,1
java-uri,javascript-deno,1
java-uri,javascript-domurl,1
java-uri,javascript-fast-uri,1
java-uri,javascript-fast-url-parser,1
java-uri,javascript-jsuri,1
java-uri,javascript-legacy,1
java-uri,javascript-parse-uri,1
java-uri,javascript-parse-url,1
java-uri,javascript-parseuri,1
java-uri,javascript-smithy,1
java-uri,javascript-uri-js,1
java-uri,javascript-uri-parser,1
java-uri,javascript-urijs,1
java-uri,javascript-url-parse,1
java-uri,javascript-url-toolkit,1
java-uri,javascript-whatwg,1
java-uri,perl-mojo-url,1
java-uri,perl-uri,1
java-uri,php-amphp-uri,1
java-uri,php-guzzle-psr7,1
java-uri,php-laminas,1
java-uri,php-league,1
java-uri,php-ml-iri,1
java-uri,php-nette-http,1
java-uri,php-opis-uri,1
java-uri,php-parseurl,1
java-uri,php-pear-net-url2,1
java-uri,php-phrity-net-uri,1
java-uri,php-sabre,1
java-uri,php-spatie,1
java-uri,python-ada-url,1
java-uri,python-furl,1
java-uri,python-httpx,1
java-uri,python-hyperlink,1
java-uri,python-lazr-uri,1
java-uri,python-mdurl,1
java-uri,python-purl,1
java-uri,python-rfc3986,1
java-uri,python-uritools,1
java-uri,python-urllib3,1
java-uri,python-yarl,1
java-uri,r-httr2,1
java-uri,r-urlparse,1
java-uri,r-urltools,1
java-uri,ruby-addressable,1
java-uri,ruby-uri,1
java-uri,rust-fluent-uri,1
java-uri,rust-hyper-uri,1
java-uri,rust-iref,1
java-uri,rust-reqwest,1
java-uri,rust-uriparse,1
java-uri,rust-url,1
java-uri,rust-urlparse,1
java-uri,swift-url,1
java-uri,swift-urlcomponents,1
java-uri,swift-weburl,1
java-uri,zig-std-uri,1
java-url,ada-uri-mime,1
java-url,bin-aria2,1
java-url,bin-trurl,1
java-url,bin-wget,1
java-url,clojure-uri,1
java-url,cpp-ada-url,1
java-url,cpp-boost-url,1
java-url,cpp-guri,1
java-url,cpp-http-parser,1
java-url,cpp-libcurl,1
java-url,cpp-poco-uri,1
java-url,cpp-qurl-strict,1
java-url,cpp-qurl-tolerant,1
java-url,cpp-uriparser,1
java-url,cpp-url-c-rfc,1
java-url,cpp-url-c-whatwg,1
java-url,crystal-uri,1
java-url,csharp-anglesharp,1
java-url,csharp-flurl,1
java-url,csharp-systemuri,1
java-url,dart-core,1
java-url,elixir-ex_url,1
java-url,elixir-uri,1
java-url,erlang-hackney-url,1
java-url,erlang-ibrowse-lib,1
java-url,erlang-uri-string,1
java-url,go-net,1
java-url,haskell-http-client,1
java-url,haskell-http-conduit,1
java-url,haskell-modern-uri,1
java-url,haskell-network-uri,1
java-url,haskell-uri-bytestring,1
java-url,java-apache-httpclient,1
java-url,java-galimatias,1
java-url,java-netty,1
java-url,java-okhttp,1
java-url,java-spring-web,1
java-url,java-uri,1
java-url,javascript-deno,1
java-url,javascript-domurl,1
java-url,javascript-fast-uri,1
java-url,javascript-fast-url-parser,1
java-url,javascript-jsuri,1
java-url,javascript-legacy,1
java-url,javascript-parse-uri,1
java-url,javascript-parse-url,1
java-url,javascript-parseuri,1
java-url,javascript-smithy,1
java-url,javascript-uri-js,1
java-url,javascript-uri-parser,1
java-url,javascript-urijs,1
java-url,javascript-url-parse,1
java-url,javascript-url-toolkit,1
java-url,javascript-whatwg,1
java-url,perl-mojo-url,1
java-url,perl-uri,1
java-url,php-amphp-uri,1
java-url,php-guzzle-psr7,1
java-url,php-laminas,1
java-url,php-league,1
java-url,php-ml-iri,1
java-url,php-nette-http,1
java-url,php-opis-uri,1
java-url,php-parseurl,1
java-url,php-pear-net-url2,1
java-url,php-phrity-net-uri,1
java-url,php-sabre,1
java-url,php-spatie,1
java-url,python-ada-url,1
java-url,python-furl,1
java-url,python-httpx,1
java-url,python-hyperlink,1
java-url,python-lazr-uri,1
java-url,python-mdurl,1
java-url,python-purl,1
java-url,python-rfc3986,1
java-url,python-uritools,1
java-url,python-urllib3,1
java-url,python-yarl,1
java-url,r-httr2,1
java-url,r-urlparse,1
java-url,r-urltools,1
java-url,ruby-addressable,1
java-url,ruby-uri,1
java-url,rust-fluent-uri,1
java-url,rust-hyper-uri,1
java-url,rust-iref,1
java-url,rust-reqwest,1
java-url,rust-uriparse,1
java-url,rust-url,1
java-url,rust-urlparse,1
java-url,swift-url,1
java-url,swift-urlcomponents,1
java-url,swift-weburl,1
java-url,zig-std-uri,1
javascript-deno,ada-uri-mime,1
javascript-deno,bin-aria2,1
javascript-deno,bin-trurl,1
javascript-deno,bin-wget,1
javascript-deno,clojure-uri,1
javascript-deno,cpp-ada-url,1
javascript-deno,cpp-boost-url,1
javascript-deno,cpp-guri,1
javascript-deno,cpp-http-parser,1
javascript-deno,cpp-libcurl,1
javascript-deno,cpp-poco-uri,1
javascript-deno,cpp-qurl-strict,1
javascript-deno,cpp-qurl-tolerant,1
javascript-deno,cpp-uriparser,1
javascript-deno,cpp-url-c-rfc,1
javascript-deno,cpp-url-c-whatwg,1
javascript-deno,crystal-uri,1
javascript-deno,csharp-anglesharp,1
javascript-deno,csharp-flurl,1
javascript-deno,csharp-systemuri,1
javascript-deno,dart-core,1
javascript-deno,elixir-ex_url,1
javascript-deno,elixir-uri,1
javascript-deno,erlang-hackney-url,1
javascript-deno,erlang-ibrowse-lib,1
javascript-deno,erlang-uri-string,1
javascript-deno,go-net,1
javascript-deno,haskell-http-client,1
javascript-deno,haskell-http-conduit,1
javascript-deno,haskell-modern-uri,1
javascript-deno,haskell-network-uri,1
javascript-deno,haskell-uri-bytestring,1
javascript-deno,java-apache-httpclient,1
javascript-deno,java-galimatias,1
javascript-deno,java-netty,1
javascript-deno,java-okhttp,1
javascript-deno,java-spring-web,1
javascript-deno,java-uri,1
javascript-deno,java-url,1
javascript-deno,javascript-domurl,1
javascript-deno,javascript-fast-uri,1
javascript-deno,javascript-fast-url-parser,1
javascript-deno,javascript-jsuri,1
javascript-deno,javascript-legacy,1
javascript-deno,javascript-parse-uri,1
javascript-deno,javascript-parse-url,1
javascript-deno,javascript-parseuri,1
javascript-deno,javascript-smithy,1
javascript-deno,javascript-uri-js,1
javascript-deno,javascript-uri-parser,1
javascript-deno,javascript-urijs,1
javascript-deno,javascript-url-parse,1
javascript-deno,javascript-url-toolkit,1
javascript-deno,javascript-whatwg,1
javascript-deno,perl-mojo-url,1
javascript-deno,perl-uri,1
javascript-deno,php-amphp-uri,1
javascript-deno,php-guzzle-psr7,1
javascript-deno,php-laminas,1
javascript-deno,php-league,1
javascript-deno,php-ml-iri,1
javascript-deno,php-nette-http,1
javascript-deno,php-opis-uri,1
javascript-deno,php-parseurl,1
javascript-deno,php-pear-net-url2,1
javascript-deno,php-phrity-net-uri,1
javascript-deno,php-sabre,1
javascript-deno,php-spatie,1
javascript-deno,python-ada-url,1
javascript-deno,python-furl,1
javascript-deno,python-httpx,1
javascript-deno,python-hyperlink,1
javascript-deno,python-lazr-uri,1
javascript-deno,python-mdurl,1
javascript-deno,python-purl,1
javascript-deno,python-rfc3986,1
javascript-deno,python-uritools,1
javascript-deno,python-urllib3,1
javascript-deno,python-yarl,1
javascript-deno,r-httr2,1
javascript-deno,r-urlparse,1
javascript-deno,r-urltools,1
javascript-deno,ruby-addressable,1
javascript-deno,ruby-uri,1
javascript-deno,rust-fluent-uri,1
javascript-deno,rust-hyper-uri,1
javascript-deno,rust-iref,1
javascript-deno,rust-reqwest,1
javascript-deno,rust-uriparse,1
javascript-deno,rust-url,1
javascript-deno,rust-urlparse,1
javascript-deno,swift-url,1
javascript-deno,swift-urlcomponents,1
javascript-deno,swift-weburl,1
javascript-deno,zig-std-uri,1
javascript-domurl,ada-uri-mime,1
javascript-domurl,bin-aria2,1
javascript-domurl,bin-trurl,1
javascript-domurl,bin-wget,1
javascript-domurl,clojure-uri,1
javascript-domurl,cpp-ada-url,1
javascript-domurl,cpp-boost-url,1
javascript-domurl,cpp-guri,1
javascript-domurl,cpp-http-parser,1
javascript-domurl,cpp-libcurl,1
javascript-domurl,cpp-poco-uri,1
javascript-domurl,cpp-qurl-strict,1
javascript-domurl,cpp-qurl-tolerant,1
javascript-domurl,cpp-uriparser,1
javascript-domurl,cpp-url-c-rfc,1
javascript-domurl,cpp-url-c-whatwg,1
javascript-domurl,crystal-uri,1
javascript-domurl,csharp-anglesharp,1
javascript-domurl,csharp-flurl,1
javascript-domurl,csharp-systemuri,1
javascript-domurl,dart-core,1
javascript-domurl,elixir-ex_url,1
javascript-domurl,elixir-uri,1
javascript-domurl,erlang-hackney-url,1
javascript-domurl,erlang-ibrowse-lib,1
javascript-domurl,erlang-uri-string,1
javascript-domurl,go-net,1
javascript-domurl,haskell-http-client,1
javascript-domurl,haskell-http-conduit,1
javascript-domurl,haskell-modern-uri,1
javascript-domurl,haskell-network-uri,1
javascript-domurl,haskell-uri-bytestring,1
javascript-domurl,java-apache-httpclient,1
javascript-domurl,java-galimatias,1
javascript-domurl,java-netty,1
javascript-domurl,java-okhttp,1
javascript-domurl,java-spring-web,1
javascript-domurl,java-uri,1
javascript-domurl,java-url,1
javascript-domurl,javascript-deno,1
javascript-domurl,javascript-fast-uri,1
javascript-domurl,javascript-fast-url-parser,1
javascript-domurl,javascript-jsuri,1
javascript-domurl,javascript-legacy,1
javascript-domurl,javascript-parse-uri,1
javascript-domurl,javascript-parse-url,1
javascript-domurl,javascript-parseuri,1
javascript-domurl,javascript-smithy,1
javascript-domurl,javascript-uri-js,1
javascript-domurl,javascript-uri-parser,1
javascript-domurl,javascript-urijs,1
javascript-domurl,javascript-url-parse,1
javascript-domurl,javascript-url-toolkit,1
javascript-domurl,javascript-whatwg,1
javascript-domurl,perl-mojo-url,1
javascript-domurl,perl-uri,1
javascript-domurl,php-amphp-uri,1
javascript-domurl,php-guzzle-psr7,1
javascript-domurl,php-laminas,1
javascript-domurl,php-league,1
javascript-domurl,php-ml-iri,1
javascript-domurl,php-nette-http,1
javascript-domurl,php-opis-uri,1
javascript-domurl,php-parseurl,1
javascript-domurl,php-pear-net-url2,1
javascript-domurl,php-phrity-net-uri,1
javascript-domurl,php-sabre,1
javascript-domurl,php-spatie,1
javascript-domurl,python-ada-url,1
javascript-domurl,python-furl,1
javascript-domurl,python-httpx,1
javascript-domurl,python-hyperlink,1
javascript-domurl,python-lazr-uri,1
javascript-domurl,python-mdurl,1
javascript-domurl,python-purl,1
javascript-domurl,python-rfc3986,1
javascript-domurl,python-uritools,1
javascript-domurl,python-urllib3,1
javascript-domurl,python-yarl,1
javascript-domurl,r-httr2,1
javascript-domurl,r-urlparse,1
javascript-domurl,r-urltools,1
javascript-domurl,ruby-addressable,1
javascript-domurl,ruby-uri,1
javascript-domurl,rust-fluent-uri,1
javascript-domurl,rust-hyper-uri,1
javascript-domurl,rust-iref,1
javascript-domurl,rust-reqwest,1
javascript-domurl,rust-uriparse,1
javascript-domurl,rust-url,1
javascript-domurl,rust-urlparse,1
javascript-domurl,swift-url,1
javascript-domurl,swift-urlcomponents,1
javascript-domurl,swift-weburl,1
javascript-domurl,zig-std-uri,1
javascript-fast-uri,ada-uri-mime,1
javascript-fast-uri,bin-aria2,1
javascript-fast-uri,bin-trurl,1
javascript-fast-uri,bin-wget,1
javascript-fast-uri,clojure-uri,1
javascript-fast-uri,cpp-ada-url,1
javascript-fast-uri,cpp-boost-url,1
javascript-fast-uri,cpp-guri,1
javascript-fast-uri,cpp-http-parser,1
javascript-fast-uri,cpp-libcurl,1
javascript-fast-uri,cpp-poco-uri,1
javascript-fast-uri,cpp-qurl-strict,1
javascript-fast-uri,cpp-qurl-tolerant,1
javascript-fast-uri,cpp-uriparser,1
javascript-fast-uri,cpp-url-c-rfc,1
javascript-fast-uri,cpp-url-c-whatwg,1
javascript-fast-uri,crystal-uri,1
javascript-fast-uri,csharp-anglesharp,1
javascript-fast-uri,csharp-flurl,1
javascript-fast-uri,csharp-systemuri,1
javascript-fast-uri,dart-core,1
javascript-fast-uri,elixir-ex_url,1
javascript-fast-uri,elixir-uri,1
javascript-fast-uri,erlang-hackney-url,1
javascript-fast-uri,erlang-ibrowse-lib,1
javascript-fast-uri,erlang-uri-string,1
javascript-fast-uri,go-net,1
javascript-fast-uri,haskell-http-client,1
javascript-fast-uri,haskell-http-conduit,1
javascript-fast-uri,haskell-modern-uri,1
javascript-fast-uri,haskell-network-uri,1
javascript-fast-uri,haskell-uri-bytestring,1
javascript-fast-uri,java-apache-httpclient,1
javascript-fast-uri,java-galimatias,1
javascript-fast-uri,java-netty,1
javascript-fast-uri,java-okhttp,1
javascript-fast-uri,java-spring-web,1
javascript-fast-uri,java-uri,1
javascript-fast-uri,java-url,1
javascript-fast-uri,javascript-deno,1
javascript-fast-uri,javascript-domurl,1
javascript-fast-uri,javascript-fast-url-parser,1
javascript-fast-uri,javascript-jsuri,1
javascript-fast-uri,javascript-legacy,1
javascript-fast-uri,javascript-parse-uri,1
javascript-fast-uri,javascript-parse-url,1
javascript-fast-uri,javascript-parseuri,1
javascript-fast-uri,javascript-smithy,1
javascript-fast-uri,javascript-uri-js,1
javascript-fast-uri,javascript-uri-parser,1
javascript-fast-uri,javascript-urijs,1
javascript-fast-uri,javascript-url-parse,1
javascript-fast-uri,javascript-url-toolkit,1
javascript-fast-uri,javascript-whatwg,1
javascript-fast-uri,perl-mojo-url,1
javascript-fast-uri,perl-uri,1
javascript-fast-uri,php-amphp-uri,1
javascript-fast-uri,php-guzzle-psr7,1
javascript-fast-uri,php-laminas,1
javascript-fast-uri,php-league,1
javascript-fast-uri,php-ml-iri,1
javascript-fast-uri,php-nette-http,1
javascript-fast-uri,php-opis-uri,1
javascript-fast-uri,php-parseurl,1
javascript-fast-uri,php-pear-net-url2,1
javascript-fast-uri,php-phrity-net-uri,1
javascript-fast-uri,php-sabre,1
javascript-fast-uri,php-spatie,1
javascript-fast-uri,python-ada-url,1
javascript-fast-uri,python-furl,1
javascript-fast-uri,python-httpx,1
javascript-fast-uri,python-hyperlink,1
javascript-fast-uri,python-lazr-uri,1
javascript-fast-uri,python-mdurl,1
javascript-fast-uri,python-purl,1
javascript-fast-uri,python-rfc3986,1
javascript-fast-uri,python-uritools,1
javascript-fast-uri,python-urllib3,1
javascript-fast-uri,python-yarl,1
javascript-fast-uri,r-httr2,1
javascript-fast-uri,r-urlparse,1
javascript-fast-uri,r-urltools,1
javascript-fast-uri,ruby-addressable,1
javascript-fast-uri,ruby-uri,1
javascript-fast-uri,rust-fluent-uri,1
javascript-fast-uri,rust-hyper-uri,1
javascript-fast-uri,rust-iref,1
javascript-fast-uri,rust-reqwest,1
javascript-fast-uri,rust-uriparse,1
javascript-fast-uri,rust-url,1
javascript-fast-uri,rust-urlparse,1
javascript-fast-uri,swift-url,1
javascript-fast-uri,swift-urlcomponents,1
javascript-fast-uri,swift-weburl,1
javascript-fast-uri,zig-std-uri,1
javascript-fast-url-parser,ada-uri-mime,1
javascript-fast-url-parser,bin-aria2,1
javascript-fast-url-parser,bin-trurl,1
javascript-fast-url-parser,bin-wget,1
javascript-fast-url-parser,clojure-uri,1
javascript-fast-url-parser,cpp-ada-url,1
javascript-fast-url-parser,cpp-boost-url,1
javascript-fast-url-parser,cpp-guri,1
javascript-fast-url-parser,cpp-http-parser,1
javascript-fast-url-parser,cpp-libcurl,1
javascript-fast-url-parser,cpp-poco-uri,1
javascript-fast-url-parser,cpp-qurl-strict,1
javascript-fast-url-parser,cpp-qurl-tolerant,1
javascript-fast-url-parser,cpp-uriparser,1
javascript-fast-url-parser,cpp-url-c-rfc,1
javascript-fast-url-parser,cpp-url-c-whatwg,1
javascript-fast-url-parser,crystal-uri,1
javascript-fast-url-parser,csharp-anglesharp,1
javascript-fast-url-parser,csharp-flurl,1
javascript-fast-url-parser,csharp-systemuri,1
javascript-fast-url-parser,dart-core,1
javascript-fast-url-parser,elixir-ex_url,1
javascript-fast-url-parser,elixir-uri,1
javascript-fast-url-parser,erlang-hackney-url,1
javascript-fast-url-parser,erlang-ibrowse-lib,1
javascript-fast-url-parser,erlang-uri-string,1
javascript-fast-url-parser,go-net,1
javascript-fast-url-parser,haskell-http-client,1
javascript-fast-url-parser,haskell-http-conduit,1
javascript-fast-url-parser,haskell-modern-uri,1
javascript-fast-url-parser,haskell-network-uri,1
javascript-fast-url-parser,haskell-uri-bytestring,1
javascript-fast-url-parser,java-apache-httpclient,1
javascript-fast-url-parser,java-galimatias,1
javascript-fast-url-parser,java-netty,1
javascript-fast-url-parser,java-okhttp,1
javascript-fast-url-parser,java-spring-web,1
javascript-fast-url-parser,java-uri,1
javascript-fast-url-parser,java-url,1
javascript-fast-url-parser,javascript-deno,1
javascript-fast-url-parser,javascript-domurl,1
javascript-fast-url-parser,javascript-fast-uri,1
javascript-fast-url-parser,javascript-jsuri,1
javascript-fast-url-parser,javascript-legacy,1
javascript-fast-url-parser,javascript-parse-uri,1
javascript-fast-url-parser,javascript-parse-url,1
javascript-fast-url-parser,javascript-parseuri,1
javascript-fast-url-parser,javascript-smithy,1
javascript-fast-url-parser,javascript-uri-js,1
javascript-fast-url-parser,javascript-uri-parser,1
javascript-fast-url-parser,javascript-urijs,1
javascript-fast-url-parser,javascript-url-parse,1
javascript-fast-url-parser,javascript-url-toolkit,1
javascript-fast-url-parser,javascript-whatwg,1
javascript-fast-url-parser,perl-mojo-url,1
javascript-fast-url-parser,perl-uri,1
javascript-fast-url-parser,php-amphp-uri,1
javascript-fast-url-parser,php-guzzle-psr7,1
javascript-fast-url-parser,php-laminas,1
javascript-fast-url-parser,php-league,1
javascript-fast-url-parser,php-ml-iri,1
javascript-fast-url-parser,php-nette-http,1
javascript-fast-url-parser,php-opis-uri,1
javascript-fast-url-parser,php-parseurl,1
javascript-fast-url-parser,php-pear-net-url2,1
javascript-fast-url-parser,php-phrity-net-uri,1
javascript-fast-url-parser,php-sabre,1
javascript-fast-url-parser,php-spatie,1
javascript-fast-url-parser,python-ada-url,1
javascript-fast-url-parser,python-furl,1
javascript-fast-url-parser,python-httpx,1
javascript-fast-url-parser,python-hyperlink,1
javascript-fast-url-parser,python-lazr-uri,1
javascript-fast-url-parser,python-mdurl,1
javascript-fast-url-parser,python-purl,1
javascript-fast-url-parser,python-rfc3986,1
javascript-fast-url-parser,python-uritools,1
javascript-fast-url-parser,python-urllib3,1
javascript-fast-url-parser,python-yarl,1
javascript-fast-url-parser,r-httr2,1
javascript-fast-url-parser,r-urlparse,1
javascript-fast-url-parser,r-urltools,1
javascript-fast-url-parser,ruby-addressable,1
javascript-fast-url-parser,ruby-uri,1
javascript-fast-url-parser,rust-fluent-uri,1
javascript-fast-url-parser,rust-hyper-uri,1
javascript-fast-url-parser,rust-iref,1
javascript-fast-url-parser,rust-reqwest,1
javascript-fast-url-parser,rust-uriparse,1
javascript-fast-url-parser,rust-url,1
javascript-fast-url-parser,rust-urlparse,1
javascript-fast-url-parser,swift-url,1
javascript-fast-url-parser,swift-urlcomponents,1
javascript-fast-url-parser,swift-weburl,1
javascript-fast-url-parser,zig-std-uri,1
javascript-jsuri,ada-uri-mime,1
javascript-jsuri,bin-aria2,1
javascript-jsuri,bin-trurl,1
javascript-jsuri,bin-wget,1
javascript-jsuri,clojure-uri,1
javascript-jsuri,cpp-ada-url,1
javascript-jsuri,cpp-boost-url,1
javascript-jsuri,cpp-guri,1
javascript-jsuri,cpp-http-parser,1
javascript-jsuri,cpp-libcurl,1
javascript-jsuri,cpp-poco-uri,1
javascript-jsuri,cpp-qurl-strict,1
javascript-jsuri,cpp-qurl-tolerant,1
javascript-jsuri,cpp-uriparser,1
javascript-jsuri,cpp-url-c-rfc,1
javascript-jsuri,cpp-url-c-whatwg,1
javascript-jsuri,crystal-uri,1
javascript-jsuri,csharp-anglesharp,1
javascript-jsuri,csharp-flurl,1
javascript-jsuri,csharp-systemuri,1
javascript-jsuri,dart-core,1
javascript-jsuri,elixir-ex_url,1
javascript-jsuri,elixir-uri,1
javascript-jsuri,erlang-hackney-url,1
javascript-jsuri,erlang-ibrowse-lib,1
javascript-jsuri,erlang-uri-string,1
javascript-jsuri,go-net,1
javascript-jsuri,haskell-http-client,1
javascript-jsuri,haskell-http-conduit,1
javascript-jsuri,haskell-modern-uri,1
javascript-jsuri,haskell-network-uri,1
javascript-jsuri,haskell-uri-bytestring,1
javascript-jsuri,java-apache-httpclient,1
javascript-jsuri,java-galimatias,1
javascript-jsuri,java-netty,1
javascript-jsuri,java-okhttp,1
javascript-jsuri,java-spring-web,1
javascript-jsuri,java-uri,1
javascript-jsuri,java-url,1
javascript-jsuri,javascript-deno,1
javascript-jsuri,javascript-domurl,1
javascript-jsuri,javascript-fast-uri,1
javascript-jsuri,javascript-fast-url-parser,1
javascript-jsuri,javascript-legacy,1
javascript-jsuri,javascript-parse-uri,1
javascript-jsuri,javascript-parse-url,1
javascript-jsuri,javascript-parseuri,1
javascript-jsuri,javascript-smithy,1
javascript-jsuri,javascript-uri-js,1
javascript-jsuri,javascript-uri-parser,1
javascript-jsuri,javascript-urijs,1
javascript-jsuri,javascript-url-parse,1
javascript-jsuri,javascript-url-toolkit,1
javascript-jsuri,javascript-whatwg,1
javascript-jsuri,perl-mojo-url,1
javascript-jsuri,perl-uri,1
javascript-jsuri,php-amphp-uri,1
javascript-jsuri,php-guzzle-psr7,1
javascript-jsuri,php-laminas,1
javascript-jsuri,php-league,1
javascript-jsuri,php-ml-iri,1
javascript-jsuri,php-nette-http,1
javascript-jsuri,php-opis-uri,1
javascript-jsuri,php-parseurl,1
javascript-jsuri,php-pear-net-url2,1
javascript-jsuri,php-phrity-net-uri,1
javascript-jsuri,php-sabre,1
javascript-jsuri,php-spatie,1
javascript-jsuri,python-ada-url,1
javascript-jsuri,python-furl,1
javascript-jsuri,python-httpx,1
javascript-jsuri,python-hyperlink,1
javascript-jsuri,python-lazr-uri,1
javascript-jsuri,python-mdurl,1
javascript-jsuri,python-purl,1
javascript-jsuri,python-rfc3986,1
javascript-jsuri,python-uritools,1
javascript-jsuri,python-urllib3,1
javascript-jsuri,python-yarl,1
javascript-jsuri,r-httr2,1
javascript-jsuri,r-urlparse,1
javascript-jsuri,r-urltools,1
javascript-jsuri,ruby-addressable,1
javascript-jsuri,ruby-uri,1
javascript-jsuri,rust-fluent-uri,1
javascript-jsuri,rust-hyper-uri,1
javascript-jsuri,rust-iref,1
javascript-jsuri,rust-reqwest,1
javascript-jsuri,rust-uriparse,1
javascript-jsuri,rust-url,1
javascript-jsuri,rust-urlparse,1
javascript-jsuri,swift-url,1
javascript-jsuri,swift-urlcomponents,1
javascript-jsuri,swift-weburl,1
javascript-jsuri,zig-std-uri,1
javascript-legacy,ada-uri-mime,1
javascript-legacy,bin-aria2,1
javascript-legacy,bin-trurl,1
javascript-legacy,bin-wget,1
javascript-legacy,clojure-uri,1
javascript-legacy,cpp-ada-url,1
javascript-legacy,cpp-boost-url,1
javascript-legacy,cpp-guri,1
javascript-legacy,cpp-http-parser,1
javascript-legacy,cpp-libcurl,1
javascript-legacy,cpp-poco-uri,1
javascript-legacy,cpp-qurl-strict,1
javascript-legacy,cpp-qurl-tolerant,1
javascript-legacy,cpp-uriparser,1
javascript-legacy,cpp-url-c-rfc,1
javascript-legacy,cpp-url-c-whatwg,1
javascript-legacy,crystal-uri,1
javascript-legacy,csharp-anglesharp,1
javascript-legacy,csharp-flurl,1
javascript-legacy,csharp-systemuri,1
javascript-legacy,dart-core,1
javascript-legacy,elixir-ex_url,1
javascript-legacy,elixir-uri,1
javascript-legacy,erlang-hackney-url,1
javascript-legacy,erlang-ibrowse-lib,1
javascript-legacy,erlang-uri-string,1
javascript-legacy,go-net,1
javascript-legacy,haskell-http-client,1
javascript-legacy,haskell-http-conduit,1
javascript-legacy,haskell-modern-uri,1
javascript-legacy,haskell-network-uri,1
javascript-legacy,haskell-uri-bytestring,1
javascript-legacy,java-apache-httpclient,1
javascript-legacy,java-galimatias,1
javascript-legacy,java-netty,1
javascript-legacy,java-okhttp,1
javascript-legacy,java-spring-web,1
javascript-legacy,java-uri,1
javascript-legacy,java-url,1
javascript-legacy,javascript-deno,1
javascript-legacy,javascript-domurl,1
javascript-legacy,javascript-fast-uri,1
javascript-legacy,javascript-fast-url-parser,1
javascript-legacy,javascript-jsuri,1
javascript-legacy,javascript-parse-uri,1
javascript-legacy,javascript-parse-url,1
javascript-legacy,javascript-parseuri,1
javascript-legacy,javascript-smithy,1
javascript-legacy,javascript-uri-js,1
javascript-legacy,javascript-uri-parser,1
javascript-legacy,javascript-urijs,1
javascript-legacy,javascript-url-parse,1
javascript-legacy,javascript-url-toolkit,1
javascript-legacy,javascript-whatwg,1
javascript-legacy,perl-mojo-url,1
javascript-legacy,perl-uri,1
javascript-legacy,php-amphp-uri,1
javascript-legacy,php-guzzle-psr7,1
javascript-legacy,php-laminas,1
javascript-legacy,php-league,1
javascript-legacy,php-ml-iri,1
javascript-legacy,php-nette-http,1
javascript-legacy,php-opis-uri,1
javascript-legacy,php-parseurl,1
javascript-legacy,php-pear-net-url2,1
javascript-legacy,php-phrity-net-uri,1
javascript-legacy,php-sabre,1
javascript-legacy,php-spatie,1
javascript-legacy,python-ada-url,1
javascript-legacy,python-furl,1
javascript-legacy,python-httpx,1
javascript-legacy,python-hyperlink,1
javascript-legacy,python-lazr-uri,1
javascript-legacy,python-mdurl,1
javascript-legacy,python-purl,1
javascript-legacy,python-rfc3986,1
javascript-legacy,python-uritools,1
javascript-legacy,python-urllib3,1
javascript-legacy,python-yarl,1
javascript-legacy,r-httr2,1
javascript-legacy,r-urlparse,1
javascript-legacy,r-urltools,1
javascript-legacy,ruby-addressable,1
javascript-legacy,ruby-uri,1
javascript-legacy,rust-fluent-uri,1
javascript-legacy,rust-hyper-uri,1
javascript-legacy,rust-iref,1
javascript-legacy,rust-reqwest,1
javascript-legacy,rust-uriparse,1
javascript-legacy,rust-url,1
javascript-legacy,rust-urlparse,1
javascript-legacy,swift-url,1
javascript-legacy,swift-urlcomponents,1
javascript-legacy,swift-weburl,1
javascript-legacy,zig-std-uri,1
javascript-parse-uri,ada-uri-mime,1
javascript-parse-uri,bin-aria2,1
javascript-parse-uri,bin-trurl,0
javascript-parse-uri,bin-wget,1
javascript-parse-uri,clojure-uri,1
javascript-parse-uri,cpp-ada-url,1
javascript-parse-uri,cpp-boost-url,1
javascript-parse-uri,cpp-guri,1
javascript-parse-uri,cpp-http-parser,1
javascript-parse-uri,cpp-libcurl,1
javascript-parse-uri,cpp-poco-uri,1
javascript-parse-uri,cpp-qurl-strict,1
javascript-parse-uri,cpp-qurl-tolerant,0
javascript-parse-uri,cpp-uriparser,1
javascript-parse-uri,cpp-url-c-rfc,1
javascript-parse-uri,cpp-url-c-whatwg,1
javascript-parse-uri,crystal-uri,1
javascript-parse-uri,csharp-anglesharp,1
javascript-parse-uri,csharp-flurl,1
javascript-parse-uri,csharp-systemuri,1
javascript-parse-uri,dart-core,1
javascript-parse-uri,elixir-ex_url,1
javascript-parse-uri,elixir-uri,1
javascript-parse-uri,erlang-hackney-url,1
javascript-parse-uri,erlang-ibrowse-lib,1
javascript-parse-uri,erlang-uri-string,1
javascript-parse-uri,go-net,1
javascript-parse-uri,haskell-http-client,1
javascript-parse-uri,haskell-http-conduit,1
javascript-parse-uri,haskell-modern-uri,1
javascript-parse-uri,haskell-network-uri,1
javascript-parse-uri,haskell-uri-bytestring,1
javascript-parse-uri,java-apache-httpclient,1
javascript-parse-uri,java-galimatias,1
javascript-parse-uri,java-netty,1
javascript-parse-uri,java-okhttp,1
javascript-parse-uri,java-spring-web,1
javascript-parse-uri,java-uri,1
javascript-parse-uri,java-url,1
javascript-parse-uri,javascript-deno,1
javascript-parse-uri,javascript-domurl,1
javascript-parse-uri,javascript-fast-uri,1
javascript-parse-uri,javascript-fast-url-parser,1
javascript-parse-uri,javascript-jsuri,1
javascript-parse-uri,javascript-legacy,1
javascript-parse-uri,javascript-parse-url,1
javascript-parse-uri,javascript-parseuri,0
javascript-parse-uri,javascript-smithy,1
javascript-parse-uri,javascript-uri-js,0
javascript-parse-uri,javascript-uri-parser,0
javascript-parse-uri,javascript-urijs,1
javascript-parse-uri,javascript-url-parse,1
javascript-parse-uri,javascript-url-toolkit,0
javascript-parse-uri,javascript-whatwg,1
javascript-parse-uri,perl-mojo-url,1
javascript-parse-uri,perl-uri,1
javascript-parse-uri,php-amphp-uri,1
javascript-parse-uri,php-guzzle-psr7,1
javascript-parse-uri,php-laminas,1
javascript-parse-uri,php-league,1
javascript-parse-uri,php-ml-iri,0
javascript-parse-uri,php-nette-http,1
javascript-parse-uri,php-opis-uri,1
javascript-parse-uri,php-parseurl,1
javascript-parse-uri,php-pear-net-url2,0
javascript-parse-uri,php-phrity-net-uri,1
javascript-parse-uri,php-sabre,1
javascript-parse-uri,php-spatie,1
javascript-parse-uri,python-ada-url,1
javascript-parse-uri,python-furl,1
javascript-parse-uri,python-httpx,1
javascript-parse-uri,python-hyperlink,1
javascript-parse-uri,python-lazr-uri,1
javascript-parse-uri,python-mdurl,0
javascript-parse-uri,python-purl,1
javascript-parse-uri,python-rfc3986,1
javascript-parse-uri,python-uritools,1
javascript-parse-uri,python-urllib3,1
javascript-parse-uri,python-yarl,1
javascript-parse-uri,r-httr2,1
javascript-parse-uri,r-urlparse,1
javascript-parse-uri,r-urltools,0
javascript-parse-uri,ruby-addressable,1
javascript-parse-uri,ruby-uri,1
javascript-parse-uri,rust-fluent-uri,1
javascript-parse-uri,rust-hyper-uri,1
javascript-parse-uri,rust-iref,1
javascript-parse-uri,rust-reqwest,1
javascript-parse-uri,rust-uriparse,1
javascript-parse-uri,rust-url,1
javascript-parse-uri,rust-urlparse,0
javascript-parse-uri,swift-url,1
javascript-parse-uri,swift-urlcomponents,1
javascript-parse-uri,swift-weburl,1
javascript-parse-uri,zig-std-uri,1
javascript-parse-url,ada-uri-mime,1
javascript-parse-url,bin-aria2,1
javascript-parse-url,bin-trurl,1
javascript-parse-url,bin-wget,1
javascript-parse-url,clojure-uri,1
javascript-parse-url,cpp-ada-url,1
javascript-parse-url,cpp-boost-url,1
javascript-parse-url,cpp-guri,1
javascript-parse-url,cpp-http-parser,1
javascript-parse-url,cpp-libcurl,1
javascript-parse-url,cpp-poco-uri,1
javascript-parse-url,cpp-qurl-strict,1
javascript-parse-url,cpp-qurl-tolerant,1
javascript-parse-url,cpp-uriparser,1
javascript-parse-url,cpp-url-c-rfc,1
javascript-parse-url,cpp-url-c-whatwg,1
javascript-parse-url,crystal-uri,1
javascript-parse-url,csharp-anglesharp,1
javascript-parse-url,csharp-flurl,1
javascript-parse-url,csharp-systemuri,1
javascript-parse-url,dart-core,1
javascript-parse-url,elixir-ex_url,1
javascript-parse-url,elixir-uri,1
javascript-parse-url,erlang-hackney-url,1
javascript-parse-url,erlang-ibrowse-lib,1
javascript-parse-url,erlang-uri-string,1
javascript-parse-url,go-net,1
javascript-parse-url,haskell-http-client,1
javascript-parse-url,haskell-http-conduit,1
javascript-parse-url,haskell-modern-uri,1
javascript-parse-url,haskell-network-uri,1
javascript-parse-url,haskell-uri-bytestring,1
javascript-parse-url,java-apache-httpclient,1
javascript-parse-url,java-galimatias,1
javascript-parse-url,java-netty,1
javascript-parse-url,java-okhttp,1
javascript-parse-url,java-spring-web,1
javascript-parse-url,java-uri,1
javascript-parse-url,java-url,1
javascript-parse-url,javascript-deno,1
javascript-parse-url,javascript-domurl,1
javascript-parse-url,javascript-fast-uri,1
javascript-parse-url,javascript-fast-url-parser,1
javascript-parse-url,javascript-jsuri,1
javascript-parse-url,javascript-legacy,1
javascript-parse-url,javascript-parse-uri,1
javascript-parse-url,javascript-parseuri,1
javascript-parse-url,javascript-smithy,1
javascript-parse-url,javascript-uri-js,1
javascript-parse-url,javascript-uri-parser,1
javascript-parse-url,javascript-urijs,1
javascript-parse-url,javascript-url-parse,1
javascript-parse-url,javascript-url-toolkit,1
javascript-parse-url,javascript-whatwg,1
javascript-parse-url,perl-mojo-url,1
javascript-parse-url,perl-uri,1
javascript-parse-url,php-amphp-uri,1
javascript-parse-url,php-guzzle-psr7,1
javascript-parse-url,php-laminas,1
javascript-parse-url,php-league,1
javascript-parse-url,php-ml-iri,1
javascript-parse-url,php-nette-http,1
javascript-parse-url,php-opis-uri,1
javascript-parse-url,php-parseurl,1
javascript-parse-url,php-pear-net-url2,1
javascript-parse-url,php-phrity-net-uri,1
javascript-parse-url,php-sabre,1
javascript-parse-url,php-spatie,1
javascript-parse-url,python-ada-url,1
javascript-parse-url,python-furl,1
javascript-parse-url,python-httpx,1
javascript-parse-url,python-hyperlink,1
javascript-parse-url,python-lazr-uri,1
javascript-parse-url,python-mdurl,1
javascript-parse-url,python-purl,1
javascript-parse-url,python-rfc3986,1
javascript-parse-url,python-uritools,1
javascript-parse-url,python-urllib3,1
javascript-parse-url,python-yarl,1
javascript-parse-url,r-httr2,1
javascript-parse-url,r-urlparse,1
javascript-parse-url,r-urltools,1
javascript-parse-url,ruby-addressable,1
javascript-parse-url,ruby-uri,1
javascript-parse-url,rust-fluent-uri,1
javascript-parse-url,rust-hyper-uri,1
javascript-parse-url,rust-iref,1
javascript-parse-url,rust-reqwest,1
javascript-parse-url,rust-uriparse,1
javascript-parse-url,rust-url,1
javascript-parse-url,rust-urlparse,1
javascript-parse-url,swift-url,1
javascript-parse-url,swift-urlcomponents,1
javascript-parse-url,swift-weburl,1
javascript-parse-url,zig-std-uri,1
javascript-parseuri,ada-uri-mime,1
javascript-parseuri,bin-aria2,1
javascript-parseuri,bin-trurl,0
javascript-parseuri,bin-wget,1
javascript-parseuri,clojure-uri,1
javascript-parseuri,cpp-ada-url,1
javascript-parseuri,cpp-boost-url,1
javascript-parseuri,cpp-guri,1
javascript-parseuri,cpp-http-parser,1
javascript-parseuri,cpp-libcurl,1
javascript-parseuri,cpp-poco-uri,1
javascript-parseuri,cpp-qurl-strict,1
javascript-parseuri,cpp-qurl-tolerant,0
javascript-parseuri,cpp-uriparser,1
javascript-parseuri,cpp-url-c-rfc,1
javascript-parseuri,cpp-url-c-whatwg,1
javascript-parseuri,crystal-uri,1
javascript-parseuri,csharp-anglesharp,1
javascript-parseuri,csharp-flurl,1
javascript-parseuri,csharp-systemuri,1
javascript-parseuri,dart-core,1
javascript-parseuri,elixir-ex_url,1
javascript-parseuri,elixir-uri,1
javascript-parseuri,erlang-hackney-url,1
javascript-parseuri,erlang-ibrowse-lib,1
javascript-parseuri,erlang-uri-string,1
javascript-parseuri,go-net,1
javascript-parseuri,haskell-http-client,1
javascript-parseuri,haskell-http-conduit,1
javascript-parseuri,haskell-modern-uri,1
javascript-parseuri,haskell-network-uri,1
javascript-parseuri,haskell-uri-bytestring,1
javascript-parseuri,java-apache-httpclient,1
javascript-parseuri,java-galimatias,1
javascript-parseuri,java-netty,1
javascript-parseuri,java-okhttp,1
javascript-parseuri,java-spring-web,1
javascript-parseuri,java-uri,1
javascript-parseuri,java-url,1
javascript-parseuri,javascript-deno,1
javascript-parseuri,javascript-domurl,1
javascript-parseuri,javascript-fast-uri,1
javascript-parseuri,javascript-fast-url-parser,1
javascript-parseuri,javascript-jsuri,1
javascript-parseuri,javascript-legacy,1
javascript-parseuri,javascript-parse-uri,0
javascript-parseuri,javascript-parse-url,1
javascript-parseuri,javascript-smithy,1
javascript-parseuri,javascript-uri-js,0
javascript-parseuri,javascript-uri-parser,0
javascript-parseuri,javascript-urijs,1
javascript-parseuri,javascript-url-parse,1
javascript-parseuri,javascript-url-toolkit,0
javascript-parseuri,javascript-whatwg,1
javascript-parseuri,perl-mojo-url,1
javascript-parseuri,perl-uri,1
javascript-parseuri,php-amphp-uri,1
javascript-parseuri,php-guzzle-psr7,1
javascript-parseuri,php-laminas,1
javascript-parseuri,php-league,1
javascript-parseuri,php-ml-iri,0
javascript-parseuri,php-nette-http,1
javascript-parseuri,php-opis-uri,1
javascript-parseuri,php-parseurl,1
javascript-parseuri,php-pear-net-url2,0
javascript-parseuri,php-phrity-net-uri,1
javascript-parseuri,php-sabre,1
javascript-parseuri,php-spatie,1
javascript-parseuri,python-ada-url,1
javascript-parseuri,python-furl,1
javascript-parseuri,python-httpx,1
javascript-parseuri,python-hyperlink,1
javascript-parseuri,python-lazr-uri,1
javascript-parseuri,python-mdurl,0
javascript-parseuri,python-purl,1
javascript-parseuri,python-rfc3986,1
javascript-parseuri,python-uritools,1
javascript-parseuri,python-urllib3,1
javascript-parseuri,python-yarl,1
javascript-parseuri,r-httr2,1
javascript-parseuri,r-urlparse,1
javascript-parseuri,r-urltools,0
javascript-parseuri,ruby-addressable,1
javascript-parseuri,ruby-uri,1
javascript-parseuri,rust-fluent-uri,1
javascript-parseuri,rust-hyper-uri,1
javascript-parseuri,rust-iref,1
javascript-parseuri,rust-reqwest,1
javascript-parseuri,rust-uriparse,1
javascript-parseuri,rust-url,1
javascript-parseuri,rust-urlparse,0
javascript-parseuri,swift-url,1
javascript-parseuri,swift-urlcomponents,1
javascript-parseuri,swift-weburl,1
javascript-parseuri,zig-std-uri,1
javascript-smithy,ada-uri-mime,1
javascript-smithy,bin-aria2,1
javascript-smithy,bin-trurl,1
javascript-smithy,bin-wget,1
javascript-smithy,clojure-uri,1
javascript-smithy,cpp-ada-url,1
javascript-smithy,cpp-boost-url,1
javascript-smithy,cpp-guri,1
javascript-smithy,cpp-http-parser,1
javascript-smithy,cpp-libcurl,1
javascript-smithy,cpp-poco-uri,1
javascript-smithy,cpp-qurl-strict,1
javascript-smithy,cpp-qurl-tolerant,1
javascript-smithy,cpp-uriparser,1
javascript-smithy,cpp-url-c-rfc,1
javascript-smithy,cpp-url-c-whatwg,1
javascript-smithy,crystal-uri,1
javascript-smithy,csharp-anglesharp,1
javascript-smithy,csharp-flurl,1
javascript-smithy,csharp-systemuri,1
javascript-smithy,dart-core,1
javascript-smithy,elixir-ex_url,1
javascript-smithy,elixir-uri,1
javascript-smithy,erlang-hackney-url,1
javascript-smithy,erlang-ibrowse-lib,1
javascript-smithy,erlang-uri-string,1
javascript-smithy,go-net,1
javascript-smithy,haskell-http-client,1
javascript-smithy,haskell-http-conduit,1
javascript-smithy,haskell-modern-uri,1
javascript-smithy,haskell-network-uri,1
javascript-smithy,haskell-uri-bytestring,1
javascript-smithy,java-apache-httpclient,1
javascript-smithy,java-galimatias,1
javascript-smithy,java-netty,1
javascript-smithy,java-okhttp,1
javascript-smithy,java-spring-web,1
javascript-smithy,java-uri,1
javascript-smithy,java-url,1
javascript-smithy,javascript-deno,1
javascript-smithy,javascript-domurl,1
javascript-smithy,javascript-fast-uri,1
javascript-smithy,javascript-fast-url-parser,1
javascript-smithy,javascript-jsuri,1
javascript-smithy,javascript-legacy,1
javascript-smithy,javascript-parse-uri,1
javascript-smithy,javascript-parse-url,1
javascript-smithy,javascript-parseuri,1
javascript-smithy,javascript-uri-js,1
javascript-smithy,javascript-uri-parser,1
javascript-smithy,javascript-urijs,1
javascript-smithy,javascript-url-parse,1
javascript-smithy,javascript-url-toolkit,1
javascript-smithy,javascript-whatwg,1
javascript-smithy,perl-mojo-url,1
javascript-smithy,perl-uri,1
javascript-smithy,php-amphp-uri,1
javascript-smithy,php-guzzle-psr7,1
javascript-smithy,php-laminas,1
javascript-smithy,php-league,1
javascript-smithy,php-ml-iri,1
javascript-smithy,php-nette-http,1
javascript-smithy,php-opis-uri,1
javascript-smithy,php-parseurl,1
javascript-smithy,php-pear-net-url2,1
javascript-smithy,php-phrity-net-uri,1
javascript-smithy,php-sabre,1
javascript-smithy,php-spatie,1
javascript-smithy,python-ada-url,1
javascript-smithy,python-furl,1
javascript-smithy,python-httpx,1
javascript-smithy,python-hyperlink,1
javascript-smithy,python-lazr-uri,1
javascript-smithy,python-mdurl,1
javascript-smithy,python-purl,1
javascript-smithy,python-rfc3986,1
javascript-smithy,python-uritools,1
javascript-smithy,python-urllib3,1
javascript-smithy,python-yarl,1
javascript-smithy,r-httr2,1
javascript-smithy,r-urlparse,1
javascript-smithy,r-urltools,1
javascript-smithy,ruby-addressable,1
javascript-smithy,ruby-uri,1
javascript-smithy,rust-fluent-uri,1
javascript-smithy,rust-hyper-uri,1
javascript-smithy,rust-iref,1
javascript-smithy,rust-reqwest,1
javascript-smithy,rust-uriparse,1
javascript-smithy,rust-url,1
javascript-smithy,rust-urlparse,1
javascript-smithy,swift-url,1
javascript-smithy,swift-urlcomponents,1
javascript-smithy,swift-weburl,1
javascript-smithy,zig-std-uri,1
javascript-uri-js,ada-uri-mime,1
javascript-uri-js,bin-aria2,1
javascript-uri-js,bin-trurl,0
javascript-uri-js,bin-wget,1
javascript-uri-js,clojure-uri,1
javascript-uri-js,cpp-ada-url,1
javascript-uri-js,cpp-boost-url,1
javascript-uri-js,cpp-guri,1
javascript-uri-js,cpp-http-parser,1
javascript-uri-js,cpp-libcurl,1
javascript-uri-js,cpp-poco-uri,1
javascript-uri-js,cpp-qurl-strict,1
javascript-uri-js,cpp-qurl-tolerant,0
javascript-uri-js,cpp-uriparser,1
javascript-uri-js,cpp-url-c-rfc,1
javascript-uri-js,cpp-url-c-whatwg,1
javascript-uri-js,crystal-uri,1
javascript-uri-js,csharp-anglesharp,1
javascript-uri-js,csharp-flurl,1
javascript-uri-js,csharp-systemuri,1
javascript-uri-js,dart-core,1
javascript-uri-js,elixir-ex_url,1
javascript-uri-js,elixir-uri,1
javascript-uri-js,erlang-hackney-url,1
javascript-uri-js,erlang-ibrowse-lib,1
javascript-uri-js,erlang-uri-string,1
javascript-uri-js,go-net,1
javascript-uri-js,haskell-http-client,1
javascript-uri-js,haskell-http-conduit,1
javascript-uri-js,haskell-modern-uri,1
javascript-uri-js,haskell-network-uri,1
javascript-uri-js,haskell-uri-bytestring,1
javascript-uri-js,java-apache-httpclient,1
javascript-uri-js,java-galimatias,1
javascript-uri-js,java-netty,1
javascript-uri-js,java-okhttp,1
javascript-uri-js,java-spring-web,1
javascript-uri-js,java-uri,1
javascript-uri-js,java-url,1
javascript-uri-js,javascript-deno,1
javascript-uri-js,javascript-domurl,1
javascript-uri-js,javascript-fast-uri,1
javascript-uri-js,javascript-fast-url-parser,1
javascript-uri-js,javascript-jsuri,1
javascript-uri-js,javascript-legacy,1
javascript-uri-js,javascript-parse-uri,0
javascript-uri-js,javascript-parse-url,1
javascript-uri-js,javascript-parseuri,0
javascript-uri-js,javascript-smithy,1
javascript-uri-js,javascript-uri-parser,0
javascript-uri-js,javascript-urijs,1
javascript-uri-js,javascript-url-parse,1
javascript-uri-js,javascript-url-toolkit,0
javascript-uri-js,javascript-whatwg,1
javascript-uri-js,perl-mojo-url,1
javascript-uri-js,perl-uri,1
javascript-uri-js,php-amphp-uri,1
javascript-uri-js,php-guzzle-psr7,1
javascript-uri-js,php-laminas,1
javascript-uri-js,php-league,1
javascript-uri-js,php-ml-iri,0
javascript-uri-js,php-nette-http,1
javascript-uri-js,php-opis-uri,1
javascript-uri-js,php-parseurl,1
javascript-uri-js,php-pear-net-url2,0
javascript-uri-js,php-phrity-net-uri,1
javascript-uri-js,php-sabre,1
javascript-uri-js,php-spatie,1
javascript-uri-js,python-ada-url,1
javascript-uri-js,python-furl,1
javascript-uri-js,python-httpx,1
javascript-uri-js,python-hyperlink,1
javascript-uri-js,python-lazr-uri,1
javascript-uri-js,python-mdurl,0
javascript-uri-js,python-purl,1
javascript-uri-js,python-rfc3986,1
javascript-uri-js,python-uritools,1
javascript-uri-js,python-urllib3,1
javascript-uri-js,python-yarl,1
javascript-uri-js,r-httr2,1
javascript-uri-js,r-urlparse,1
javascript-uri-js,r-urltools,0
javascript-uri-js,ruby-addressable,1
javascript-uri-js,ruby-uri,1
javascript-uri-js,rust-fluent-uri,1
javascript-uri-js,rust-hyper-uri,1
javascript-uri-js,rust-iref,1
javascript-uri-js,rust-reqwest,1
javascript-uri-js,rust-uriparse,1
javascript-uri-js,rust-url,1
javascript-uri-js,rust-urlparse,0
javascript-uri-js,swift-url,1
javascript-uri-js,swift-urlcomponents,1
javascript-uri-js,swift-weburl,1
javascript-uri-js,zig-std-uri,1
javascript-uri-parser,ada-uri-mime,1
javascript-uri-parser,bin-aria2,1
javascript-uri-parser,bin-trurl,0
javascript-uri-parser,bin-wget,1
javascript-uri-parser,clojure-uri,1
javascript-uri-parser,cpp-ada-url,1
javascript-uri-parser,cpp-boost-url,1
javascript-uri-parser,cpp-guri,1
javascript-uri-parser,cpp-http-parser,1
javascript-uri-parser,cpp-libcurl,1
javascript-uri-parser,cpp-poco-uri,1
javascript-uri-parser,cpp-qurl-strict,1
javascript-uri-parser,cpp-qurl-tolerant,0
javascript-uri-parser,cpp-uriparser,1
javascript-uri-parser,cpp-url-c-rfc,1
javascript-uri-parser,cpp-url-c-whatwg,1
javascript-uri-parser,crystal-uri,1
javascript-uri-parser,csharp-anglesharp,1
javascript-uri-parser,csharp-flurl,1
javascript-uri-parser,csharp-systemuri,1
javascript-uri-parser,dart-core,1
javascript-uri-parser,elixir-ex_url,1
javascript-uri-parser,elixir-uri,1
javascript-uri-parser,erlang-hackney-url,1
javascript-uri-parser,erlang-ibrowse-lib,1
javascript-uri-parser,erlang-uri-string,1
javascript-uri-parser,go-net,1
javascript-uri-parser,haskell-http-client,1
javascript-uri-parser,haskell-http-conduit,1
javascript-uri-parser,haskell-modern-uri,1
javascript-uri-parser,haskell-network-uri,1
javascript-uri-parser,haskell-uri-bytestring,1
javascript-uri-parser,java-apache-httpclient,1
javascript-uri-parser,java-galimatias,1
javascript-uri-parser,java-netty,1
javascript-uri-parser,java-okhttp,1
javascript-uri-parser,java-spring-web,1
javascript-uri-parser,java-uri,1
javascript-uri-parser,java-url,1
javascript-uri-parser,javascript-deno,1
javascript-uri-parser,javascript-domurl,1
javascript-uri-parser,javascript-fast-uri,1
javascript-uri-parser,javascript-fast-url-parser,1
javascript-uri-parser,javascript-jsuri,1
javascript-uri-parser,javascript-legacy,1
javascript-uri-parser,javascript-parse-uri,0
javascript-uri-parser,javascript-parse-url,1
javascript-uri-parser,javascript-parseuri,0
javascript-uri-parser,javascript-smithy,1
javascript-uri-parser,javascript-uri-js,0
javascript-uri-parser,javascript-urijs,1
javascript-uri-parser,javascript-url-parse,1
javascript-uri-parser,javascript-url-toolkit,0
javascript-uri-parser,javascript-whatwg,1
javascript-uri-parser,perl-mojo-url,1
javascript-uri-parser,perl-uri,1
javascript-uri-parser,php-amphp-uri,1
javascript-uri-parser,php-guzzle-psr7,1
javascript-uri-parser,php-laminas,1
javascript-uri-parser,php-league,1
javascript-uri-parser,php-ml-iri,0
javascript-uri-parser,php-nette-http,1
javascript-uri-parser,php-opis-uri,1
javascript-uri-parser,php-parseurl,1
javascript-uri-parser,php-pear-net-url2,0
javascript-uri-parser,php-phrity-net-uri,1
javascript-uri-parser,php-sabre,1
javascript-uri-parser,php-spatie,1
javascript-uri-parser,python-ada-url,1
javascript-uri-parser,python-furl,1
javascript-uri-parser,python-httpx,1
javascript-uri-parser,python-hyperlink,1
javascript-uri-parser,python-lazr-uri,1
javascript-uri-parser,python-mdurl,0
javascript-uri-parser,python-purl,1
javascript-uri-parser,python-rfc3986,1
javascript-uri-parser,python-uritools,1
javascript-uri-parser,python-urllib3,1
javascript-uri-parser,python-yarl,1
javascript-uri-parser,r-httr2,1
javascript-uri-parser,r-urlparse,1
javascript-uri-parser,r-urltools,0
javascript-uri-parser,ruby-addressable,1
javascript-uri-parser,ruby-uri,1
javascript-uri-parser,rust-fluent-uri,1
javascript-uri-parser,rust-hyper-uri,1
javascript-uri-parser,rust-iref,1
javascript-uri-parser,rust-reqwest,1
javascript-uri-parser,rust-uriparse,1
javascript-uri-parser,rust-url,1
javascript-uri-parser,rust-urlparse,0
javascript-uri-parser,swift-url,1
javascript-uri-parser,swift-urlcomponents,1
javascript-uri-parser,swift-weburl,1
javascript-uri-parser,zig-std-uri,1
javascript-urijs,ada-uri-mime,1
javascript-urijs,bin-aria2,1
javascript-urijs,bin-trurl,1
javascript-urijs,bin-wget,1
javascript-urijs,clojure-uri,1
javascript-urijs,cpp-ada-url,1
javascript-urijs,cpp-boost-url,1
javascript-urijs,cpp-guri,1
javascript-urijs,cpp-http-parser,1
javascript-urijs,cpp-libcurl,1
javascript-urijs,cpp-poco-uri,1
javascript-urijs,cpp-qurl-strict,1
javascript-urijs,cpp-qurl-tolerant,1
javascript-urijs,cpp-uriparser,1
javascript-urijs,cpp-url-c-rfc,1
javascript-urijs,cpp-url-c-whatwg,1
javascript-urijs,crystal-uri,1
javascript-urijs,csharp-anglesharp,1
javascript-urijs,csharp-flurl,1
javascript-urijs,csharp-systemuri,1
javascript-urijs,dart-core,1
javascript-urijs,elixir-ex_url,1
javascript-urijs,elixir-uri,1
javascript-urijs,erlang-hackney-url,1
javascript-urijs,erlang-ibrowse-lib,1
javascript-urijs,erlang-uri-string,1
javascript-urijs,go-net,1
javascript-urijs,haskell-http-client,1
javascript-urijs,haskell-http-conduit,1
javascript-urijs,haskell-modern-uri,1
javascript-urijs,haskell-network-uri,1
javascript-urijs,haskell-uri-bytestring,1
javascript-urijs,java-apache-httpclient,1
javascript-urijs,java-galimatias,1
javascript-urijs,java-netty,1
javascript-urijs,java-okhttp,1
javascript-urijs,java-spring-web,1
javascript-urijs,java-uri,1
javascript-urijs,java-url,1
javascript-urijs,javascript-deno,1
javascript-urijs,javascript-domurl,1
javascript-urijs,javascript-fast-uri,1
javascript-urijs,javascript-fast-url-parser,1
javascript-urijs,javascript-jsuri,1
javascript-urijs,javascript-legacy,1
javascript-urijs,javascript-parse-uri,1
javascript-urijs,javascript-parse-url,1
javascript-urijs,javascript-parseuri,1
javascript-urijs,javascript-smithy,1
javascript-urijs,javascript-uri-js,1
javascript-urijs,javascript-uri-parser,1
javascript-urijs,javascript-url-parse,1
javascript-urijs,javascript-url-toolkit,1
javascript-urijs,javascript-whatwg,1
javascript-urijs,perl-mojo-url,1
javascript-urijs,perl-uri,1
javascript-urijs,php-amphp-uri,1
javascript-urijs,php-guzzle-psr7,1
javascript-urijs,php-laminas,1
javascript-urijs,php-league,1
javascript-urijs,php-ml-iri,1
javascript-urijs,php-nette-http,1
javascript-urijs,php-opis-uri,1
javascript-urijs,php-parseurl,1
javascript-urijs,php-pear-net-url2,1
javascript-urijs,php-phrity-net-uri,1
javascript-urijs,php-sabre,1
javascript-urijs,php-spatie,1
javascript-urijs,python-ada-url,1
javascript-urijs,python-furl,1
javascript-urijs,python-httpx,1
javascript-urijs,python-hyperlink,1
javascript-urijs,python-lazr-uri,1
javascript-urijs,python-mdurl,1
javascript-urijs,python-purl,1
javascript-urijs,python-rfc3986,1
javascript-urijs,python-uritools,1
javascript-urijs,python-urllib3,1
javascript-urijs,python-yarl,1
javascript-urijs,r-httr2,1
javascript-urijs,r-urlparse,1
javascript-urijs,r-urltools,1
javascript-urijs,ruby-addressable,1
javascript-urijs,ruby-uri,1
javascript-urijs,rust-fluent-uri,1
javascript-urijs,rust-hyper-uri,1
javascript-urijs,rust-iref,1
javascript-urijs,rust-reqwest,1
javascript-urijs,rust-uriparse,1
javascript-urijs,rust-url,1
javascript-urijs,rust-urlparse,1
javascript-urijs,swift-url,1
javascript-urijs,swift-urlcomponents,1
javascript-urijs,swift-weburl,1
javascript-urijs,zig-std-uri,1
javascript-url-parse,ada-uri-mime,1
javascript-url-parse,bin-aria2,1
javascript-url-parse,bin-trurl,1
javascript-url-parse,bin-wget,1
javascript-url-parse,clojure-uri,1
javascript-url-parse,cpp-ada-url,1
javascript-url-parse,cpp-boost-url,1
javascript-url-parse,cpp-guri,1
javascript-url-parse,cpp-http-parser,1
javascript-url-parse,cpp-libcurl,1
javascript-url-parse,cpp-poco-uri,1
javascript-url-parse,cpp-qurl-strict,1
javascript-url-parse,cpp-qurl-tolerant,1
javascript-url-parse,cpp-uriparser,1
javascript-url-parse,cpp-url-c-rfc,1
javascript-url-parse,cpp-url-c-whatwg,1
javascript-url-parse,crystal-uri,1
javascript-url-parse,csharp-anglesharp,1
javascript-url-parse,csharp-flurl,1
javascript-url-parse,csharp-systemuri,1
javascript-url-parse,dart-core,1
javascript-url-parse,elixir-ex_url,1
javascript-url-parse,elixir-uri,1
javascript-url-parse,erlang-hackney-url,1
javascript-url-parse,erlang-ibrowse-lib,1
javascript-url-parse,erlang-uri-string,1
javascript-url-parse,go-net,1
javascript-url-parse,haskell-http-client,1
javascript-url-parse,haskell-http-conduit,1
javascript-url-parse,haskell-modern-uri,1
javascript-url-parse,haskell-network-uri,1
javascript-url-parse,haskell-uri-bytestring,1
javascript-url-parse,java-apache-httpclient,1
javascript-url-parse,java-galimatias,1
javascript-url-parse,java-netty,1
javascript-url-parse,java-okhttp,1
javascript-url-parse,java-spring-web,1
javascript-url-parse,java-uri,1
javascript-url-parse,java-url,1
javascript-url-parse,javascript-deno,1
javascript-url-parse,javascript-domurl,1
javascript-url-parse,javascript-fast-uri,1
javascript-url-parse,javascript-fast-url-parser,1
javascript-url-parse,javascript-jsuri,1
javascript-url-parse,javascript-legacy,1
javascript-url-parse,javascript-parse-uri,1
javascript-url-parse,javascript-parse-url,1
javascript-url-parse,javascript-parseuri,1
javascript-url-parse,javascript-smithy,1
javascript-url-parse,javascript-uri-js,1
javascript-url-parse,javascript-uri-parser,1
javascript-url-parse,javascript-urijs,1
javascript-url-parse,javascript-url-toolkit,1
javascript-url-parse,javascript-whatwg,1
javascript-url-parse,perl-mojo-url,1
javascript-url-parse,perl-uri,1
javascript-url-parse,php-amphp-uri,1
javascript-url-parse,php-guzzle-psr7,1
javascript-url-parse,php-laminas,1
javascript-url-parse,php-league,1
javascript-url-parse,php-ml-iri,1
javascript-url-parse,php-nette-http,1
javascript-url-parse,php-opis-uri,1
javascript-url-parse,php-parseurl,1
javascript-url-parse,php-pear-net-url2,1
javascript-url-parse,php-phrity-net-uri,1
javascript-url-parse,php-sabre,1
javascript-url-parse,php-spatie,1
javascript-url-parse,python-ada-url,1
javascript-url-parse,python-furl,1
javascript-url-parse,python-httpx,1
javascript-url-parse,python-hyperlink,1
javascript-url-parse,python-lazr-uri,1
javascript-url-parse,python-mdurl,1
javascript-url-parse,python-purl,1
javascript-url-parse,python-rfc3986,1
javascript-url-parse,python-uritools,1
javascript-url-parse,python-urllib3,1
javascript-url-parse,python-yarl,1
javascript-url-parse,r-httr2,1
javascript-url-parse,r-urlparse,1
javascript-url-parse,r-urltools,1
javascript-url-parse,ruby-addressable,1
javascript-url-parse,ruby-uri,1
javascript-url-parse,rust-fluent-uri,1
javascript-url-parse,rust-hyper-uri,1
javascript-url-parse,rust-iref,1
javascript-url-parse,rust-reqwest,1
javascript-url-parse,rust-uriparse,1
javascript-url-parse,rust-url,1
javascript-url-parse,rust-urlparse,1
javascript-url-parse,swift-url,1
javascript-url-parse,swift-urlcomponents,1
javascript-url-parse,swift-weburl,1
javascript-url-parse,zig-std-uri,1
javascript-url-toolkit,ada-uri-mime,1
javascript-url-toolkit,bin-aria2,1
javascript-url-toolkit,bin-trurl,0
javascript-url-toolkit,bin-wget,1
javascript-url-toolkit,clojure-uri,1
javascript-url-toolkit,cpp-ada-url,1
javascript-url-toolkit,cpp-boost-url,1
javascript-url-toolkit,cpp-guri,1
javascript-url-toolkit,cpp-http-parser,1
javascript-url-toolkit,cpp-libcurl,1
javascript-url-toolkit,cpp-poco-uri,1
javascript-url-toolkit,cpp-qurl-strict,1
javascript-url-toolkit,cpp-qurl-tolerant,0
javascript-url-toolkit,cpp-uriparser,1
javascript-url-toolkit,cpp-url-c-rfc,1
javascript-url-toolkit,cpp-url-c-whatwg,1
javascript-url-toolkit,crystal-uri,1
javascript-url-toolkit,csharp-anglesharp,1
javascript-url-toolkit,csharp-flurl,1
javascript-url-toolkit,csharp-systemuri,1
javascript-url-toolkit,dart-core,1
javascript-url-toolkit,elixir-ex_url,1
javascript-url-toolkit,elixir-uri,1
javascript-url-toolkit,erlang-hackney-url,1
javascript-url-toolkit,erlang-ibrowse-lib,1
javascript-url-toolkit,erlang-uri-string,1
javascript-url-toolkit,go-net,1
javascript-url-toolkit,haskell-http-client,1
javascript-url-toolkit,haskell-http-conduit,1
javascript-url-toolkit,haskell-modern-uri,1
javascript-url-toolkit,haskell-network-uri,1
javascript-url-toolkit,haskell-uri-bytestring,1
javascript-url-toolkit,java-apache-httpclient,1
javascript-url-toolkit,java-galimatias,1
javascript-url-toolkit,java-netty,1
javascript-url-toolkit,java-okhttp,1
javascript-url-toolkit,java-spring-web,1
javascript-url-toolkit,java-uri,1
javascript-url-toolkit,java-url,1
javascript-url-toolkit,javascript-deno,1
javascript-url-toolkit,javascript-domurl,1
javascript-url-toolkit,javascript-fast-uri,1
javascript-url-toolkit,javascript-fast-url-parser,1
javascript-url-toolkit,javascript-jsuri,1
javascript-url-toolkit,javascript-legacy,1
javascript-url-toolkit,javascript-parse-uri,0
javascript-url-toolkit,javascript-parse-url,1
javascript-url-toolkit,javascript-parseuri,0
javascript-url-toolkit,javascript-smithy,1
javascript-url-toolkit,javascript-uri-js,0
javascript-url-toolkit,javascript-uri-parser,0
javascript-url-toolkit,javascript-urijs,1
javascript-url-toolkit,javascript-url-parse,1
javascript-url-toolkit,javascript-whatwg,1
javascript-url-toolkit,perl-mojo-url,1
javascript-url-toolkit,perl-uri,1
javascript-url-toolkit,php-amphp-uri,1
javascript-url-toolkit,php-guzzle-psr7,1
javascript-url-toolkit,php-laminas,1
javascript-url-toolkit,php-league,1
javascript-url-toolkit,php-ml-iri,0
javascript-url-toolkit,php-nette-http,1
javascript-url-toolkit,php-opis-uri,1
javascript-url-toolkit,php-parseurl,1
javascript-url-toolkit,php-pear-net-url2,0
javascript-url-toolkit,php-phrity-net-uri,1
javascript-url-toolkit,php-sabre,1
javascript-url-toolkit,php-spatie,1
javascript-url-toolkit,python-ada-url,1
javascript-url-toolkit,python-furl,1
javascript-url-toolkit,python-httpx,1
javascript-url-toolkit,python-hyperlink,1
javascript-url-toolkit,python-lazr-uri,1
javascript-url-toolkit,python-mdurl,0
javascript-url-toolkit,python-purl,1
javascript-url-toolkit,python-rfc3986,1
javascript-url-toolkit,python-uritools,1
javascript-url-toolkit,python-urllib3,1
javascript-url-toolkit,python-yarl,1
javascript-url-toolkit,r-httr2,1
javascript-url-toolkit,r-urlparse,1
javascript-url-toolkit,r-urltools,0
javascript-url-toolkit,ruby-addressable,1
javascript-url-toolkit,ruby-uri,1
javascript-url-toolkit,rust-fluent-uri,1
javascript-url-toolkit,rust-hyper-uri,1
javascript-url-toolkit,rust-iref,1
javascript-url-toolkit,rust-reqwest,1
javascript-url-toolkit,rust-uriparse,1
javascript-url-toolkit,rust-url,1
javascript-url-toolkit,rust-urlparse,0
javascript-url-toolkit,swift-url,1
javascript-url-toolkit,swift-urlcomponents,1
javascript-url-toolkit,swift-weburl,1
javascript-url-toolkit,zig-std-uri,1
javascript-whatwg,ada-uri-mime,1
javascript-whatwg,bin-aria2,1
javascript-whatwg,bin-trurl,1
javascript-whatwg,bin-wget,1
javascript-whatwg,clojure-uri,1
javascript-whatwg,cpp-ada-url,0
javascript-whatwg,cpp-boost-url,1
javascript-whatwg,cpp-guri,1
javascript-whatwg,cpp-http-parser,1
javascript-whatwg,cpp-libcurl,1
javascript-whatwg,cpp-poco-uri,1
javascript-whatwg,cpp-qurl-strict,1
javascript-whatwg,cpp-qurl-tolerant,1
javascript-whatwg,cpp-uriparser,1
javascript-whatwg,cpp-url-c-rfc,1
javascript-whatwg,cpp-url-c-whatwg,1
javascript-whatwg,crystal-uri,1
javascript-whatwg,csharp-anglesharp,1
javascript-whatwg,csharp-flurl,1
javascript-whatwg,csharp-systemuri,1
javascript-whatwg,dart-core,1
javascript-whatwg,elixir-ex_url,1
javascript-whatwg,elixir-uri,1
javascript-whatwg,erlang-hackney-url,1
javascript-whatwg,erlang-ibrowse-lib,1
javascript-whatwg,erlang-uri-string,1
javascript-whatwg,go-net,1
javascript-whatwg,haskell-http-client,1
javascript-whatwg,haskell-http-conduit,1
javascript-whatwg,haskell-modern-uri,1
javascript-whatwg,haskell-network-uri,1
javascript-whatwg,haskell-uri-bytestring,1
javascript-whatwg,java-apache-httpclient,1
javascript-whatwg,java-galimatias,1
javascript-whatwg,java-netty,1
javascript-whatwg,java-okhttp,1
javascript-whatwg,java-spring-web,1
javascript-whatwg,java-uri,1
javascript-whatwg,java-url,1
javascript-whatwg,javascript-deno,1
javascript-whatwg,javascript-domurl,1
javascript-whatwg,javascript-fast-uri,1
javascript-whatwg,javascript-fast-url-parser,1
javascript-whatwg,javascript-jsuri,1
javascript-whatwg,javascript-legacy,1
javascript-whatwg,javascript-parse-uri,1
javascript-whatwg,javascript-parse-url,1
javascript-whatwg,javascript-parseuri,1
javascript-whatwg,javascript-smithy,1
javascript-whatwg,javascript-uri-js,1
javascript-whatwg,javascript-uri-parser,1
javascript-whatwg,javascript-urijs,1
javascript-whatwg,javascript-url-parse,1
javascript-whatwg,javascript-url-toolkit,1
javascript-whatwg,perl-mojo-url,1
javascript-whatwg,perl-uri,1
javascript-whatwg,php-amphp-uri,1
javascript-whatwg,php-guzzle-psr7,1
javascript-whatwg,php-laminas,1
javascript-whatwg,php-league,1
javascript-whatwg,php-ml-iri,1
javascript-whatwg,php-nette-http,1
javascript-whatwg,php-opis-uri,1
javascript-whatwg,php-parseurl,1
javascript-whatwg,php-pear-net-url2,1
javascript-whatwg,php-phrity-net-uri,1
javascript-whatwg,php-sabre,1
javascript-whatwg,php-spatie,1
javascript-whatwg,python-ada-url,1
javascript-whatwg,python-furl,1
javascript-whatwg,python-httpx,1
javascript-whatwg,python-hyperlink,1
javascript-whatwg,python-lazr-uri,1
javascript-whatwg,python-mdurl,1
javascript-whatwg,python-purl,1
javascript-whatwg,python-rfc3986,1
javascript-whatwg,python-uritools,1
javascript-whatwg,python-urllib3,1
javascript-whatwg,python-yarl,1
javascript-whatwg,r-httr2,1
javascript-whatwg,r-urlparse,1
javascript-whatwg,r-urltools,1
javascript-whatwg,ruby-addressable,1
javascript-whatwg,ruby-uri,1
javascript-whatwg,rust-fluent-uri,1
javascript-whatwg,rust-hyper-uri,1
javascript-whatwg,rust-iref,1
javascript-whatwg,rust-reqwest,1
javascript-whatwg,rust-uriparse,1
javascript-whatwg,rust-url,1
javascript-whatwg,rust-urlparse,1
javascript-whatwg,swift-url,1
javascript-whatwg,swift-urlcomponents,1
javascript-whatwg,swift-weburl,1
javascript-whatwg,zig-std-uri,1
perl-mojo-url,ada-uri-mime,1
perl-mojo-url,bin-aria2,1
perl-mojo-url,bin-trurl,1
perl-mojo-url,bin-wget,1
perl-mojo-url,clojure-uri,1
perl-mojo-url,cpp-ada-url,1
perl-mojo-url,cpp-boost-url,1
perl-mojo-url,cpp-guri,1
perl-mojo-url,cpp-http-parser,1
perl-mojo-url,cpp-libcurl,1
perl-mojo-url,cpp-poco-uri,1
perl-mojo-url,cpp-qurl-strict,1
perl-mojo-url,cpp-qurl-tolerant,1
perl-mojo-url,cpp-uriparser,1
perl-mojo-url,cpp-url-c-rfc,1
perl-mojo-url,cpp-url-c-whatwg,1
perl-mojo-url,crystal-uri,1
perl-mojo-url,csharp-anglesharp,1
perl-mojo-url,csharp-flurl,1
perl-mojo-url,csharp-systemuri,1
perl-mojo-url,dart-core,1
perl-mojo-url,elixir-ex_url,1
perl-mojo-url,elixir-uri,1
perl-mojo-url,erlang-hackney-url,1
perl-mojo-url,erlang-ibrowse-lib,1
perl-mojo-url,erlang-uri-string,1
perl-mojo-url,go-net,1
perl-mojo-url,haskell-http-client,1
perl-mojo-url,haskell-http-conduit,1
perl-mojo-url,haskell-modern-uri,1
perl-mojo-url,haskell-network-uri,1
perl-mojo-url,haskell-uri-bytestring,1
perl-mojo-url,java-apache-httpclient,1
perl-mojo-url,java-galimatias,1
perl-mojo-url,java-netty,1
perl-mojo-url,java-okhttp,1
perl-mojo-url,java-spring-web,1
perl-mojo-url,java-uri,1
perl-mojo-url,java-url,1
perl-mojo-url,javascript-deno,1
perl-mojo-url,javascript-domurl,1
perl-mojo-url,javascript-fast-uri,1
perl-mojo-url,javascript-fast-url-parser,1
perl-mojo-url,javascript-jsuri,1
perl-mojo-url,javascript-legacy,1
perl-mojo-url,javascript-parse-uri,1
perl-mojo-url,javascript-parse-url,1
perl-mojo-url,javascript-parseuri,1
perl-mojo-url,javascript-smithy,1
perl-mojo-url,javascript-uri-js,1
perl-mojo-url,javascript-uri-parser,1
perl-mojo-url,javascript-urijs,1
perl-mojo-url,javascript-url-parse,1
perl-mojo-url,javascript-url-toolkit,1
perl-mojo-url,javascript-whatwg,1
perl-mojo-url,perl-uri,1
perl-mojo-url,php-amphp-uri,1
perl-mojo-url,php-guzzle-psr7,1
perl-mojo-url,php-laminas,1
perl-mojo-url,php-league,1
perl-mojo-url,php-ml-iri,1
perl-mojo-url,php-nette-http,1
perl-mojo-url,php-opis-uri,1
perl-mojo-url,php-parseurl,1
perl-mojo-url,php-pear-net-url2,1
perl-mojo-url,php-phrity-net-uri,1
perl-mojo-url,php-sabre,1
perl-mojo-url,php-spatie,1
perl-mojo-url,python-ada-url,1
perl-mojo-url,python-furl,1
perl-mojo-url,python-httpx,1
perl-mojo-url,python-hyperlink,1
perl-mojo-url,python-lazr-uri,1
perl-mojo-url,python-mdurl,1
perl-mojo-url,python-purl,1
perl-mojo-url,python-rfc3986,1
perl-mojo-url,python-uritools,1
perl-mojo-url,python-urllib3,1
perl-mojo-url,python-yarl,1
perl-mojo-url,r-httr2,1
perl-mojo-url,r-urlparse,1
perl-mojo-url,r-urltools,1
perl-mojo-url,ruby-addressable,1
perl-mojo-url,ruby-uri,1
perl-mojo-url,rust-fluent-uri,1
perl-mojo-url,rust-hyper-uri,1
perl-mojo-url,rust-iref,1
perl-mojo-url,rust-reqwest,1
perl-mojo-url,rust-uriparse,1
perl-mojo-url,rust-url,1
perl-mojo-url,rust-urlparse,1
perl-mojo-url,swift-url,1
perl-mojo-url,swift-urlcomponents,1
perl-mojo-url,swift-weburl,1
perl-mojo-url,zig-std-uri,1
perl-uri,ada-uri-mime,1
perl-uri,bin-aria2,1
perl-uri,bin-trurl,1
perl-uri,bin-wget,1
perl-uri,clojure-uri,1
perl-uri,cpp-ada-url,1
perl-uri,cpp-boost-url,1
perl-uri,cpp-guri,1
perl-uri,cpp-http-parser,1
perl-uri,cpp-libcurl,1
perl-uri,cpp-poco-uri,1
perl-uri,cpp-qurl-strict,1
perl-uri,cpp-qurl-tolerant,1
perl-uri,cpp-uriparser,1
perl-uri,cpp-url-c-rfc,1
perl-uri,cpp-url-c-whatwg,1
perl-uri,crystal-uri,1
perl-uri,csharp-anglesharp,1
perl-uri,csharp-flurl,1
perl-uri,csharp-systemuri,1
perl-uri,dart-core,1
perl-uri,elixir-ex_url,1
perl-uri,elixir-uri,1
perl-uri,erlang-hackney-url,1
perl-uri,erlang-ibrowse-lib,1
perl-uri,erlang-uri-string,1
perl-uri,go-net,1
perl-uri,haskell-http-client,1
perl-uri,haskell-http-conduit,1
perl-uri,haskell-modern-uri,1
perl-uri,haskell-network-uri,1
perl-uri,haskell-uri-bytestring,1
perl-uri,java-apache-httpclient,1
perl-uri,java-galimatias,1
perl-uri,java-netty,1
perl-uri,java-okhttp,1
perl-uri,java-spring-web,1
perl-uri,java-uri,1
perl-uri,java-url,1
perl-uri,javascript-deno,1
perl-uri,javascript-domurl,1
perl-uri,javascript-fast-uri,1
perl-uri,javascript-fast-url-parser,1
perl-uri,javascript-jsuri,1
perl-uri,javascript-legacy,1
perl-uri,javascript-parse-uri,1
perl-uri,javascript-parse-url,1
perl-uri,javascript-parseuri,1
perl-uri,javascript-smithy,1
perl-uri,javascript-uri-js,1
perl-uri,javascript-uri-parser,1
perl-uri,javascript-urijs,1
perl-uri,javascript-url-parse,1
perl-uri,javascript-url-toolkit,1
perl-uri,javascript-whatwg,1
perl-uri,perl-mojo-url,1
perl-uri,php-amphp-uri,1
perl-uri,php-guzzle-psr7,1
perl-uri,php-laminas,1
perl-uri,php-league,1
perl-uri,php-ml-iri,1
perl-uri,php-nette-http,1
perl-uri,php-opis-uri,1
perl-uri,php-parseurl,1
perl-uri,php-pear-net-url2,1
perl-uri,php-phrity-net-uri,1
perl-uri,php-sabre,1
perl-uri,php-spatie,1
perl-uri,python-ada-url,1
perl-uri,python-furl,1
perl-uri,python-httpx,1
perl-uri,python-hyperlink,1
perl-uri,python-lazr-uri,1
perl-uri,python-mdurl,1
perl-uri,python-purl,1
perl-uri,python-rfc3986,1
perl-uri,python-uritools,1
perl-uri,python-urllib3,1
perl-uri,python-yarl,1
perl-uri,r-httr2,1
perl-uri,r-urlparse,1
perl-uri,r-urltools,1
perl-uri,ruby-addressable,1
perl-uri,ruby-uri,1
perl-uri,rust-fluent-uri,1
perl-uri,rust-hyper-uri,1
perl-uri,rust-iref,1
perl-uri,rust-reqwest,1
perl-uri,rust-uriparse,1
perl-uri,rust-url,1
perl-uri,rust-urlparse,1
perl-uri,swift-url,1
perl-uri,swift-urlcomponents,1
perl-uri,swift-weburl,1
perl-uri,zig-std-uri,1
php-amphp-uri,ada-uri-mime,1
php-amphp-uri,bin-aria2,1
php-amphp-uri,bin-trurl,1
php-amphp-uri,bin-wget,1
php-amphp-uri,clojure-uri,1
php-amphp-uri,cpp-ada-url,1
php-amphp-uri,cpp-boost-url,1
php-amphp-uri,cpp-guri,1
php-amphp-uri,cpp-http-parser,1
php-amphp-uri,cpp-libcurl,1
php-amphp-uri,cpp-poco-uri,1
php-amphp-uri,cpp-qurl-strict,1
php-amphp-uri,cpp-qurl-tolerant,1
php-amphp-uri,cpp-uriparser,1
php-amphp-uri,cpp-url-c-rfc,1
php-amphp-uri,cpp-url-c-whatwg,1
php-amphp-uri,crystal-uri,1
php-amphp-uri,csharp-anglesharp,1
php-amphp-uri,csharp-flurl,1
php-amphp-uri,csharp-systemuri,1
php-amphp-uri,dart-core,1
php-amphp-uri,elixir-ex_url,1
php-amphp-uri,elixir-uri,1
php-amphp-uri,erlang-hackney-url,1
php-amphp-uri,erlang-ibrowse-lib,1
php-amphp-uri,erlang-uri-string,1
php-amphp-uri,go-net,1
php-amphp-uri,haskell-http-client,1
php-amphp-uri,haskell-http-conduit,1
php-amphp-uri,haskell-modern-uri,1
php-amphp-uri,haskell-network-uri,1
php-amphp-uri,haskell-uri-bytestring,1
php-amphp-uri,java-apache-httpclient,1
php-amphp-uri,java-galimatias,1
php-amphp-uri,java-netty,1
php-amphp-uri,java-okhttp,1
php-amphp-uri,java-spring-web,1
php-amphp-uri,java-uri,1
php-amphp-uri,java-url,1
php-amphp-uri,javascript-deno,1
php-amphp-uri,javascript-domurl,1
php-amphp-uri,javascript-fast-uri,1
php-amphp-uri,javascript-fast-url-parser,1
php-amphp-uri,javascript-jsuri,1
php-amphp-uri,javascript-legacy,1
php-amphp-uri,javascript-parse-uri,1
php-amphp-uri,javascript-parse-url,1
php-amphp-uri,javascript-parseuri,1
php-amphp-uri,javascript-smithy,1
php-amphp-uri,javascript-uri-js,1
php-amphp-uri,javascript-uri-parser,1
php-amphp-uri,javascript-urijs,1
php-amphp-uri,javascript-url-parse,1
php-amphp-uri,javascript-url-toolkit,1
php-amphp-uri,javascript-whatwg,1
php-amphp-uri,perl-mojo-url,1
php-amphp-uri,perl-uri,1
php-amphp-uri,php-guzzle-psr7,1
php-amphp-uri,php-laminas,1
php-amphp-uri,php-league,1
php-amphp-uri,php-ml-iri,1
php-amphp-uri,php-nette-http,1
php-amphp-uri,php-opis-uri,1
php-amphp-uri,php-parseurl,1
php-amphp-uri,php-pear-net-url2,1
php-amphp-uri,php-phrity-net-uri,1
php-amphp-uri,php-sabre,1
php-amphp-uri,php-spatie,1
php-amphp-uri,python-ada-url,1
php-amphp-uri,python-furl,1
php-amphp-uri,python-httpx,1
php-amphp-uri,python-hyperlink,1
php-amphp-uri,python-lazr-uri,1
php-amphp-uri,python-mdurl,1
php-amphp-uri,python-purl,1
php-amphp-uri,python-rfc3986,1
php-amphp-uri,python-uritools,1
php-amphp-uri,python-urllib3,1
php-amphp-uri,python-yarl,1
php-amphp-uri,r-httr2,1
php-amphp-uri,r-urlparse,1
php-amphp-uri,r-urltools,1
php-amphp-uri,ruby-addressable,1
php-amphp-uri,ruby-uri,1
php-amphp-uri,rust-fluent-uri,1
php-amphp-uri,rust-hyper-uri,1
php-amphp-uri,rust-iref,1
php-amphp-uri,rust-reqwest,1
php-amphp-uri,rust-uriparse,1
php-amphp-uri,rust-url,1
php-amphp-uri,rust-urlparse,1
php-amphp-uri,swift-url,1
php-amphp-uri,swift-urlcomponents,1
php-amphp-uri,swift-weburl,1
php-amphp-uri,zig-std-uri,1
php-guzzle-psr7,ada-uri-mime,1
php-guzzle-psr7,bin-aria2,1
php-guzzle-psr7,bin-trurl,1
php-guzzle-psr7,bin-wget,1
php-guzzle-psr7,clojure-uri,1
php-guzzle-psr7,cpp-ada-url,1
php-guzzle-psr7,cpp-boost-url,1
php-guzzle-psr7,cpp-guri,1
php-guzzle-psr7,cpp-http-parser,1
php-guzzle-psr7,cpp-libcurl,1
php-guzzle-psr7,cpp-poco-uri,1
php-guzzle-psr7,cpp-qurl-strict,1
php-guzzle-psr7,cpp-qurl-tolerant,1
php-guzzle-psr7,cpp-uriparser,1
php-guzzle-psr7,cpp-url-c-rfc,1
php-guzzle-psr7,cpp-url-c-whatwg,1
php-guzzle-psr7,crystal-uri,1
php-guzzle-psr7,csharp-anglesharp,1
php-guzzle-psr7,csharp-flurl,1
php-guzzle-psr7,csharp-systemuri,1
php-guzzle-psr7,dart-core,1
php-guzzle-psr7,elixir-ex_url,1
php-guzzle-psr7,elixir-uri,1
php-guzzle-psr7,erlang-hackney-url,1
php-guzzle-psr7,erlang-ibrowse-lib,1
php-guzzle-psr7,erlang-uri-string,1
php-guzzle-psr7,go-net,1
php-guzzle-psr7,haskell-http-client,1
php-guzzle-psr7,haskell-http-conduit,1
php-guzzle-psr7,haskell-modern-uri,1
php-guzzle-psr7,haskell-network-uri,1
php-guzzle-psr7,haskell-uri-bytestring,1
php-guzzle-psr7,java-apache-httpclient,1
php-guzzle-psr7,java-galimatias,1
php-guzzle-psr7,java-netty,1
php-guzzle-psr7,java-okhttp,1
php-guzzle-psr7,java-spring-web,1
php-guzzle-psr7,java-uri,1
php-guzzle-psr7,java-url,1
php-guzzle-psr7,javascript-deno,1
php-guzzle-psr7,javascript-domurl,1
php-guzzle-psr7,javascript-fast-uri,1
php-guzzle-psr7,javascript-fast-url-parser,1
php-guzzle-psr7,javascript-jsuri,1
php-guzzle-psr7,javascript-legacy,1
php-guzzle-psr7,javascript-parse-uri,1
php-guzzle-psr7,javascript-parse-url,1
php-guzzle-psr7,javascript-parseuri,1
php-guzzle-psr7,javascript-smithy,1
php-guzzle-psr7,javascript-uri-js,1
php-guzzle-psr7,javascript-uri-parser,1
php-guzzle-psr7,javascript-urijs,1
php-guzzle-psr7,javascript-url-parse,1
php-guzzle-psr7,javascript-url-toolkit,1
php-guzzle-psr7,javascript-whatwg,1
php-guzzle-psr7,perl-mojo-url,1
php-guzzle-psr7,perl-uri,1
php-guzzle-psr7,php-amphp-uri,1
php-guzzle-psr7,php-laminas,1
php-guzzle-psr7,php-league,1
php-guzzle-psr7,php-ml-iri,1
php-guzzle-psr7,php-nette-http,1
php-guzzle-psr7,php-opis-uri,1
php-guzzle-psr7,php-parseurl,1
php-guzzle-psr7,php-pear-net-url2,1
php-guzzle-psr7,php-phrity-net-uri,1
php-guzzle-psr7,php-sabre,1
php-guzzle-psr7,php-spatie,1
php-guzzle-psr7,python-ada-url,1
php-guzzle-psr7,python-furl,1
php-guzzle-psr7,python-httpx,1
php-guzzle-psr7,python-hyperlink,1
php-guzzle-psr7,python-lazr-uri,1
php-guzzle-psr7,python-mdurl,1
php-guzzle-psr7,python-purl,1
php-guzzle-psr7,python-rfc3986,1
php-guzzle-psr7,python-uritools,1
php-guzzle-psr7,python-urllib3,1
php-guzzle-psr7,python-yarl,1
php-guzzle-psr7,r-httr2,1
php-guzzle-psr7,r-urlparse,1
php-guzzle-psr7,r-urltools,1
php-guzzle-psr7,ruby-addressable,1
php-guzzle-psr7,ruby-uri,1
php-guzzle-psr7,rust-fluent-uri,1
php-guzzle-psr7,rust-hyper-uri,1
php-guzzle-psr7,rust-iref,1
php-guzzle-psr7,rust-reqwest,1
php-guzzle-psr7,rust-uriparse,1
php-guzzle-psr7,rust-url,1
php-guzzle-psr7,rust-urlparse,1
php-guzzle-psr7,swift-url,1
php-guzzle-psr7,swift-urlcomponents,1
php-guzzle-psr7,swift-weburl,1
php-guzzle-psr7,zig-std-uri,1
php-laminas,ada-uri-mime,1
php-laminas,bin-aria2,1
php-laminas,bin-trurl,1
php-laminas,bin-wget,1
php-laminas,clojure-uri,1
php-laminas,cpp-ada-url,1
php-laminas,cpp-boost-url,1
php-laminas,cpp-guri,1
php-laminas,cpp-http-parser,1
php-laminas,cpp-libcurl,1
php-laminas,cpp-poco-uri,1
php-laminas,cpp-qurl-strict,1
php-laminas,cpp-qurl-tolerant,1
php-laminas,cpp-uriparser,1
php-laminas,cpp-url-c-rfc,1
php-laminas,cpp-url-c-whatwg,1
php-laminas,crystal-uri,1
php-laminas,csharp-anglesharp,1
php-laminas,csharp-flurl,1
php-laminas,csharp-systemuri,1
php-laminas,dart-core,1
php-laminas,elixir-ex_url,1
php-laminas,elixir-uri,1
php-laminas,erlang-hackney-url,1
php-laminas,erlang-ibrowse-lib,1
php-laminas,erlang-uri-string,1
php-laminas,go-net,1
php-laminas,haskell-http-client,1
php-laminas,haskell-http-conduit,1
php-laminas,haskell-modern-uri,1
php-laminas,haskell-network-uri,1
php-laminas,haskell-uri-bytestring,1
php-laminas,java-apache-httpclient,1
php-laminas,java-galimatias,1
php-laminas,java-netty,1
php-laminas,java-okhttp,1
php-laminas,java-spring-web,1
php-laminas,java-uri,1
php-laminas,java-url,1
php-laminas,javascript-deno,1
php-laminas,javascript-domurl,1
php-laminas,javascript-fast-uri,1
php-laminas,javascript-fast-url-parser,1
php-laminas,javascript-jsuri,1
php-laminas,javascript-legacy,1
php-laminas,javascript-parse-uri,1
php-laminas,javascript-parse-url,1
php-laminas,javascript-parseuri,1
php-laminas,javascript-smithy,1
php-laminas,javascript-uri-js,1
php-laminas,javascript-uri-parser,1
php-laminas,javascript-urijs,1
php-laminas,javascript-url-parse,1
php-laminas,javascript-url-toolkit,1
php-laminas,javascript-whatwg,1
php-laminas,perl-mojo-url,1
php-laminas,perl-uri,1
php-laminas,php-amphp-uri,1
php-laminas,php-guzzle-psr7,1
php-laminas,php-league,1
php-laminas,php-ml-iri,1
php-laminas,php-nette-http,1
php-laminas,php-opis-uri,1
php-laminas,php-parseurl,1
php-laminas,php-pear-net-url2,1
php-laminas,php-phrity-net-uri,1
php-laminas,php-sabre,1
php-laminas,php-spatie,1
php-laminas,python-ada-url,1
php-laminas,python-furl,1
php-laminas,python-httpx,1
php-laminas,python-hyperlink,1
php-laminas,python-lazr-uri,1
php-laminas,python-mdurl,1
php-laminas,python-purl,1
php-laminas,python-rfc3986,1
php-laminas,python-uritools,1
php-laminas,python-urllib3,1
php-laminas,python-yarl,1
php-laminas,r-httr2,1
php-laminas,r-urlparse,1
php-laminas,r-urltools,1
php-laminas,ruby-addressable,1
php-laminas,ruby-uri,1
php-laminas,rust-fluent-uri,1
php-laminas,rust-hyper-uri,1
php-laminas,rust-iref,1
php-laminas,rust-reqwest,1
php-laminas,rust-uriparse,1
php-laminas,rust-url,1
php-laminas,rust-urlparse,1
php-laminas,swift-url,1
php-laminas,swift-urlcomponents,1
php-laminas,swift-weburl,1
php-laminas,zig-std-uri,1
php-league,ada-uri-mime,1
php-league,bin-aria2,1
php-league,bin-trurl,1
php-league,bin-wget,1
php-league,clojure-uri,1
php-league,cpp-ada-url,1
php-league,cpp-boost-url,1
php-league,cpp-guri,1
php-league,cpp-http-parser,1
php-league,cpp-libcurl,1
php-league,cpp-poco-uri,1
php-league,cpp-qurl-strict,1
php-league,cpp-qurl-tolerant,1
php-league,cpp-uriparser,1
php-league,cpp-url-c-rfc,1
php-league,cpp-url-c-whatwg,1
php-league,crystal-uri,1
php-league,csharp-anglesharp,1
php-league,csharp-flurl,1
php-league,csharp-systemuri,1
php-league,dart-core,1
php-league,elixir-ex_url,1
php-league,elixir-uri,1
php-league,erlang-hackney-url,1
php-league,erlang-ibrowse-lib,1
php-league,erlang-uri-string,1
php-league,go-net,1
php-league,haskell-http-client,1
php-league,haskell-http-conduit,1
php-league,haskell-modern-uri,1
php-league,haskell-network-uri,1
php-league,haskell-uri-bytestring,1
php-league,java-apache-httpclient,1
php-league,java-galimatias,1
php-league,java-netty,1
php-league,java-okhttp,1
php-league,java-spring-web,1
php-league,java-uri,1
php-league,java-url,1
php-league,javascript-deno,1
php-league,javascript-domurl,1
php-league,javascript-fast-uri,1
php-league,javascript-fast-url-parser,1
php-league,javascript-jsuri,1
php-league,javascript-legacy,1
php-league,javascript-parse-uri,1
php-league,javascript-parse-url,1
php-league,javascript-parseuri,1
php-league,javascript-smithy,1
php-league,javascript-uri-js,1
php-league,javascript-uri-parser,1
php-league,javascript-urijs,1
php-league,javascript-url-parse,1
php-league,javascript-url-toolkit,1
php-league,javascript-whatwg,1
php-league,perl-mojo-url,1
php-league,perl-uri,1
php-league,php-amphp-uri,1
php-league,php-guzzle-psr7,1
php-league,php-laminas,1
php-league,php-ml-iri,1
php-league,php-nette-http,1
php-league,php-opis-uri,1
php-league,php-parseurl,1
php-league,php-pear-net-url2,1
php-league,php-phrity-net-uri,1
php-league,php-sabre,1
php-league,php-spatie,1
php-league,python-ada-url,1
php-league,python-furl,1
php-league,python-httpx,1
php-league,python-hyperlink,1
php-league,python-lazr-uri,1
php-league,python-mdurl,1
php-league,python-purl,1
php-league,python-rfc3986,1
php-league,python-uritools,1
php-league,python-urllib3,1
php-league,python-yarl,1
php-league,r-httr2,1
php-league,r-urlparse,1
php-league,r-urltools,1
php-league,ruby-addressable,1
php-league,ruby-uri,1
php-league,rust-fluent-uri,1
php-league,rust-hyper-uri,1
php-league,rust-iref,1
php-league,rust-reqwest,1
php-league,rust-uriparse,1
php-league,rust-url,1
php-league,rust-urlparse,1
php-league,swift-url,1
php-league,swift-urlcomponents,1
php-league,swift-weburl,1
php-league,zig-std-uri,1
php-ml-iri,ada-uri-mime,1
php-ml-iri,bin-aria2,1
php-ml-iri,bin-trurl,0
php-ml-iri,bin-wget,1
php-ml-iri,clojure-uri,1
php-ml-iri,cpp-ada-url,1
php-ml-iri,cpp-boost-url,1
php-ml-iri,cpp-guri,1
php-ml-iri,cpp-http-parser,1
php-ml-iri,cpp-libcurl,1
php-ml-iri,cpp-poco-uri,1
php-ml-iri,cpp-qurl-strict,1
php-ml-iri,cpp-qurl-tolerant,0
php-ml-iri,cpp-uriparser,1
php-ml-iri,cpp-url-c-rfc,1
php-ml-iri,cpp-url-c-whatwg,1
php-ml-iri,crystal-uri,1
php-ml-iri,csharp-anglesharp,1
php-ml-iri,csharp-flurl,1
php-ml-iri,csharp-systemuri,1
php-ml-iri,dart-core,1
php-ml-iri,elixir-ex_url,1
php-ml-iri,elixir-uri,1
php-ml-iri,erlang-hackney-url,1
php-ml-iri,erlang-ibrowse-lib,1
php-ml-iri,erlang-uri-string,1
php-ml-iri,go-net,1
php-ml-iri,haskell-http-client,1
php-ml-iri,haskell-http-conduit,1
php-ml-iri,haskell-modern-uri,1
php-ml-iri,haskell-network-uri,1
php-ml-iri,haskell-uri-bytestring,1
php-ml-iri,java-apache-httpclient,1
php-ml-iri,java-galimatias,1
php-ml-iri,java-netty,1
php-ml-iri,java-okhttp,1
php-ml-iri,java-spring-web,1
php-ml-iri,java-uri,1
php-ml-iri,java-url,1
php-ml-iri,javascript-deno,1
php-ml-iri,javascript-domurl,1
php-ml-iri,javascript-fast-uri,1
php-ml-iri,javascript-fast-url-parser,1
php-ml-iri,javascript-jsuri,1
php-ml-iri,javascript-legacy,1
php-ml-iri,javascript-parse-uri,0
php-ml-iri,javascript-parse-url,1
php-ml-iri,javascript-parseuri,0
php-ml-iri,javascript-smithy,1
php-ml-iri,javascript-uri-js,0
php-ml-iri,javascript-uri-parser,0
php-ml-iri,javascript-urijs,1
php-ml-iri,javascript-url-parse,1
php-ml-iri,javascript-url-toolkit,0
php-ml-iri,javascript-whatwg,1
php-ml-iri,perl-mojo-url,1
php-ml-iri,perl-uri,1
php-ml-iri,php-amphp-uri,1
php-ml-iri,php-guzzle-psr7,1
php-ml-iri,php-laminas,1
php-ml-iri,php-league,1
php-ml-iri,php-nette-http,1
php-ml-iri,php-opis-uri,1
php-ml-iri,php-parseurl,1
php-ml-iri,php-pear-net-url2,0
php-ml-iri,php-phrity-net-uri,1
php-ml-iri,php-sabre,1
php-ml-iri,php-spatie,1
php-ml-iri,python-ada-url,1
php-ml-iri,python-furl,1
php-ml-iri,python-httpx,1
php-ml-iri,python-hyperlink,1
php-ml-iri,python-lazr-uri,1
php-ml-iri,python-mdurl,0
php-ml-iri,python-purl,1
php-ml-iri,python-rfc3986,1
php-ml-iri,python-uritools,1
php-ml-iri,python-urllib3,1
php-ml-iri,python-yarl,1
php-ml-iri,r-httr2,1
php-ml-iri,r-urlparse,1
php-ml-iri,r-urltools,0
php-ml-iri,ruby-addressable,1
php-ml-iri,ruby-uri,1
php-ml-iri,rust-fluent-uri,1
php-ml-iri,rust-hyper-uri,1
php-ml-iri,rust-iref,1
php-ml-iri,rust-reqwest,1
php-ml-iri,rust-uriparse,1
php-ml-iri,rust-url,1
php-ml-iri,rust-urlparse,0
php-ml-iri,swift-url,1
php-ml-iri,swift-urlcomponents,1
php-ml-iri,swift-weburl,1
php-ml-iri,zig-std-uri,1
php-nette-http,ada-uri-mime,1
php-nette-http,bin-aria2,1
php-nette-http,bin-trurl,1
php-nette-http,bin-wget,1
php-nette-http,clojure-uri,1
php-nette-http,cpp-ada-url,1
php-nette-http,cpp-boost-url,1
php-nette-http,cpp-guri,1
php-nette-http,cpp-http-parser,1
php-nette-http,cpp-libcurl,1
php-nette-http,cpp-poco-uri,1
php-nette-http,cpp-qurl-strict,1
php-nette-http,cpp-qurl-tolerant,1
php-nette-http,cpp-uriparser,1
php-nette-http,cpp-url-c-rfc,1
php-nette-http,cpp-url-c-whatwg,1
php-nette-http,crystal-uri,1
php-nette-http,csharp-anglesharp,1
php-nette-http,csharp-flurl,1
php-nette-http,csharp-systemuri,1
php-nette-http,dart-core,1
php-nette-http,elixir-ex_url,1
php-nette-http,elixir-uri,1
php-nette-http,erlang-hackney-url,1
php-nette-http,erlang-ibrowse-lib,1
php-nette-http,erlang-uri-string,1
php-nette-http,go-net,1
php-nette-http,haskell-http-client,1
php-nette-http,haskell-http-conduit,1
php-nette-http,haskell-modern-uri,1
php-nette-http,haskell-network-uri,1
php-nette-http,haskell-uri-bytestring,1
php-nette-http,java-apache-httpclient,1
php-nette-http,java-galimatias,1
php-nette-http,java-netty,1
php-nette-http,java-okhttp,1
php-nette-http,java-spring-web,1
php-nette-http,java-uri,1
php-nette-http,java-url,1
php-nette-http,javascript-deno,1
php-nette-http,javascript-domurl,1
php-nette-http,javascript-fast-uri,1
php-nette-http,javascript-fast-url-parser,1
php-nette-http,javascript-jsuri,1
php-nette-http,javascript-legacy,1
php-nette-http,javascript-parse-uri,1
php-nette-http,javascript-parse-url,1
php-nette-http,javascript-parseuri,1
php-nette-http,javascript-smithy,1
php-nette-http,javascript-uri-js,1
php-nette-http,javascript-uri-parser,1
php-nette-http,javascript-urijs,1
php-nette-http,javascript-url-parse,1
php-nette-http,javascript-url-toolkit,1
php-nette-http,javascript-whatwg,1
php-nette-http,perl-mojo-url,1
php-nette-http,perl-uri,1
php-nette-http,php-amphp-uri,1
php-nette-http,php-guzzle-psr7,1
php-nette-http,php-laminas,1
php-nette-http,php-league,1
php-nette-http,php-ml-iri,1
php-nette-http,php-opis-uri,1
php-nette-http,php-parseurl,1
php-nette-http,php-pear-net-url2,1
php-nette-http,php-phrity-net-uri,1
php-nette-http,php-sabre,1
php-nette-http,php-spatie,1
php-nette-http,python-ada-url,1
php-nette-http,python-furl,1
php-nette-http,python-httpx,1
php-nette-http,python-hyperlink,1
php-nette-http,python-lazr-uri,1
php-nette-http,python-mdurl,1
php-nette-http,python-purl,1
php-nette-http,python-rfc3986,1
php-nette-http,python-uritools,1
php-nette-http,python-urllib3,1
php-nette-http,python-yarl,1
php-nette-http,r-httr2,1
php-nette-http,r-urlparse,1
php-nette-http,r-urltools,1
php-nette-http,ruby-addressable,1
php-nette-http,ruby-uri,1
php-nette-http,rust-fluent-uri,1
php-nette-http,rust-hyper-uri,1
php-nette-http,rust-iref,1
php-nette-http,rust-reqwest,1
php-nette-http,rust-uriparse,1
php-nette-http,rust-url,1
php-nette-http,rust-urlparse,1
php-nette-http,swift-url,1
php-nette-http,swift-urlcomponents,1
php-nette-http,swift-weburl,1
php-nette-http,zig-std-uri,1
php-opis-uri,ada-uri-mime,1
php-opis-uri,bin-aria2,1
php-opis-uri,bin-trurl,1
php-opis-uri,bin-wget,1
php-opis-uri,clojure-uri,1
php-opis-uri,cpp-ada-url,1
php-opis-uri,cpp-boost-url,1
php-opis-uri,cpp-guri,1
php-opis-uri,cpp-http-parser,1
php-opis-uri,cpp-libcurl,1
php-opis-uri,cpp-poco-uri,1
php-opis-uri,cpp-qurl-strict,1
php-opis-uri,cpp-qurl-tolerant,1
php-opis-uri,cpp-uriparser,1
php-opis-uri,cpp-url-c-rfc,1
php-opis-uri,cpp-url-c-whatwg,1
php-opis-uri,crystal-uri,1
php-opis-uri,csharp-anglesharp,1
php-opis-uri,csharp-flurl,1
php-opis-uri,csharp-systemuri,1
php-opis-uri,dart-core,1
php-opis-uri,elixir-ex_url,1
php-opis-uri,elixir-uri,1
php-opis-uri,erlang-hackney-url,1
php-opis-uri,erlang-ibrowse-lib,1
php-opis-uri,erlang-uri-string,1
php-opis-uri,go-net,1
php-opis-uri,haskell-http-client,1
php-opis-uri,haskell-http-conduit,1
php-opis-uri,haskell-modern-uri,1
php-opis-uri,haskell-network-uri,1
php-opis-uri,haskell-uri-bytestring,1
php-opis-uri,java-apache-httpclient,1
php-opis-uri,java-galimatias,1
php-opis-uri,java-netty,1
php-opis-uri,java-okhttp,1
php-opis-uri,java-spring-web,1
php-opis-uri,java-uri,1
php-opis-uri,java-url,1
php-opis-uri,javascript-deno,1
php-opis-uri,javascript-domurl,1
php-opis-uri,javascript-fast-uri,1
php-opis-uri,javascript-fast-url-parser,1
php-opis-uri,javascript-jsuri,1
php-opis-uri,javascript-legacy,1
php-opis-uri,javascript-parse-uri,1
php-opis-uri,javascript-parse-url,1
php-opis-uri,javascript-parseuri,1
php-opis-uri,javascript-smithy,1
php-opis-uri,javascript-uri-js,1
php-opis-uri,javascript-uri-parser,1
php-opis-uri,javascript-urijs,1
php-opis-uri,javascript-url-parse,1
php-opis-uri,javascript-url-toolkit,1
php-opis-uri,javascript-whatwg,1
php-opis-uri,perl-mojo-url,1
php-opis-uri,perl-uri,1
php-opis-uri,php-amphp-uri,1
php-opis-uri,php-guzzle-psr7,1
php-opis-uri,php-laminas,1
php-opis-uri,php-league,1
php-opis-uri,php-ml-iri,1
php-opis-uri,php-nette-http,1
php-opis-uri,php-parseurl,1
php-opis-uri,php-pear-net-url2,1
php-opis-uri,php-phrity-net-uri,1
php-opis-uri,php-sabre,1
php-opis-uri,php-spatie,1
php-opis-uri,python-ada-url,1
php-opis-uri,python-furl,1
php-opis-uri,python-httpx,1
php-opis-uri,python-hyperlink,1
php-opis-uri,python-lazr-uri,1
php-opis-uri,python-mdurl,1
php-opis-uri,python-purl,1
php-opis-uri,python-rfc3986,1
php-opis-uri,python-uritools,1
php-opis-uri,python-urllib3,1
php-opis-uri,python-yarl,1
php-opis-uri,r-httr2,1
php-opis-uri,r-urlparse,1
php-opis-uri,r-urltools,1
php-opis-uri,ruby-addressable,1
php-opis-uri,ruby-uri,1
php-opis-uri,rust-fluent-uri,1
php-opis-uri,rust-hyper-uri,1
php-opis-uri,rust-iref,1
php-opis-uri,rust-reqwest,1
php-opis-uri,rust-uriparse,1
php-opis-uri,rust-url,1
php-opis-uri,rust-urlparse,1
php-opis-uri,swift-url,1
php-opis-uri,swift-urlcomponents,1
php-opis-uri,swift-weburl,1
php-opis-uri,zig-std-uri,1
php-parseurl,ada-uri-mime,1
php-parseurl,bin-aria2,1
php-parseurl,bin-trurl,1
php-parseurl,bin-wget,1
php-parseurl,clojure-uri,1
php-parseurl,cpp-ada-url,1
php-parseurl,cpp-boost-url,1
php-parseurl,cpp-guri,1
php-parseurl,cpp-http-parser,1
php-parseurl,cpp-libcurl,1
php-parseurl,cpp-poco-uri,1
php-parseurl,cpp-qurl-strict,1
php-parseurl,cpp-qurl-tolerant,1
php-parseurl,cpp-uriparser,1
php-parseurl,cpp-url-c-rfc,1
php-parseurl,cpp-url-c-whatwg,1
php-parseurl,crystal-uri,1
php-parseurl,csharp-anglesharp,1
php-parseurl,csharp-flurl,1
php-parseurl,csharp-systemuri,1
php-parseurl,dart-core,1
php-parseurl,elixir-ex_url,1
php-parseurl,elixir-uri,1
php-parseurl,erlang-hackney-url,1
php-parseurl,erlang-ibrowse-lib,1
php-parseurl,erlang-uri-string,1
php-parseurl,go-net,1
php-parseurl,haskell-http-client,1
php-parseurl,haskell-http-conduit,1
php-parseurl,haskell-modern-uri,1
php-parseurl,haskell-network-uri,1
php-parseurl,haskell-uri-bytestring,1
php-parseurl,java-apache-httpclient,1
php-parseurl,java-galimatias,1
php-parseurl,java-netty,1
php-parseurl,java-okhttp,1
php-parseurl,java-spring-web,1
php-parseurl,java-uri,1
php-parseurl,java-url,1
php-parseurl,javascript-deno,1
php-parseurl,javascript-domurl,1
php-parseurl,javascript-fast-uri,1
php-parseurl,javascript-fast-url-parser,1
php-parseurl,javascript-jsuri,1
php-parseurl,javascript-legacy,1
php-parseurl,javascript-parse-uri,1
php-parseurl,javascript-parse-url,1
php-parseurl,javascript-parseuri,1
php-parseurl,javascript-smithy,1
php-parseurl,javascript-uri-js,1
php-parseurl,javascript-uri-parser,1
php-parseurl,javascript-urijs,1
php-parseurl,javascript-url-parse,1
php-parseurl,javascript-url-toolkit,1
php-parseurl,javascript-whatwg,1
php-parseurl,perl-mojo-url,1
php-parseurl,perl-uri,1
php-parseurl,php-amphp-uri,1
php-parseurl,php-guzzle-psr7,1
php-parseurl,php-laminas,1
php-parseurl,php-league,1
php-parseurl,php-ml-iri,1
php-parseurl,php-nette-http,1
php-parseurl,php-opis-uri,1
php-parseurl,php-pear-net-url2,1
php-parseurl,php-phrity-net-uri,1
php-parseurl,php-sabre,1
php-parseurl,php-spatie,1
php-parseurl,python-ada-url,1
php-parseurl,python-furl,1
php-parseurl,python-httpx,1
php-parseurl,python-hyperlink,1
php-parseurl,python-lazr-uri,1
php-parseurl,python-mdurl,1
php-parseurl,python-purl,1
php-parseurl,python-rfc3986,1
php-parseurl,python-uritools,1
php-parseurl,python-urllib3,1
php-parseurl,python-yarl,1
php-parseurl,r-httr2,1
php-parseurl,r-urlparse,1
php-parseurl,r-urltools,1
php-parseurl,ruby-addressable,1
php-parseurl,ruby-uri,1
php-parseurl,rust-fluent-uri,1
php-parseurl,rust-hyper-uri,1
php-parseurl,rust-iref,1
php-parseurl,rust-reqwest,1
php-parseurl,rust-uriparse,1
php-parseurl,rust-url,1
php-parseurl,rust-urlparse,1
php-parseurl,swift-url,1
php-parseurl,swift-urlcomponents,1
php-parseurl,swift-weburl,1
php-parseurl,zig-std-uri,1
php-pear-net-url2,ada-uri-mime,1
php-pear-net-url2,bin-aria2,1
php-pear-net-url2,bin-trurl,0
php-pear-net-url2,bin-wget,1
php-pear-net-url2,clojure-uri,1
php-pear-net-url2,cpp-ada-url,1
php-pear-net-url2,cpp-boost-url,1
php-pear-net-url2,cpp-guri,1
php-pear-net-url2,cpp-http-parser,1
php-pear-net-url2,cpp-libcurl,1
php-pear-net-url2,cpp-poco-uri,1
php-pear-net-url2,cpp-qurl-strict,1
php-pear-net-url2,cpp-qurl-tolerant,0
php-pear-net-url2,cpp-uriparser,1
php-pear-net-url2,cpp-url-c-rfc,1
php-pear-net-url2,cpp-url-c-whatwg,1
php-pear-net-url2,crystal-uri,1
php-pear-net-url2,csharp-anglesharp,1
php-pear-net-url2,csharp-flurl,1
php-pear-net-url2,csharp-systemuri,1
php-pear-net-url2,dart-core,1
php-pear-net-url2,elixir-ex_url,1
php-pear-net-url2,elixir-uri,1
php-pear-net-url2,erlang-hackney-url,1
php-pear-net-url2,erlang-ibrowse-lib,1
php-pear-net-url2,erlang-uri-string,1
php-pear-net-url2,go-net,1
php-pear-net-url2,haskell-http-client,1
php-pear-net-url2,haskell-http-conduit,1
php-pear-net-url2,haskell-modern-uri,1
php-pear-net-url2,haskell-network-uri,1
php-pear-net-url2,haskell-uri-bytestring,1
php-pear-net-url2,java-apache-httpclient,1
php-pear-net-url2,java-galimatias,1
php-pear-net-url2,java-netty,1
php-pear-net-url2,java-okhttp,1
php-pear-net-url2,java-spring-web,1
php-pear-net-url2,java-uri,1
php-pear-net-url2,java-url,1
php-pear-net-url2,javascript-deno,1
php-pear-net-url2,javascript-domurl,1
php-pear-net-url2,javascript-fast-uri,1
php-pear-net-url2,javascript-fast-url-parser,1
php-pear-net-url2,javascript-jsuri,1
php-pear-net-url2,javascript-legacy,1
php-pear-net-url2,javascript-parse-uri,0
php-pear-net-url2,javascript-parse-url,1
php-pear-net-url2,javascript-parseuri,0
php-pear-net-url2,javascript-smithy,1
php-pear-net-url2,javascript-uri-js,0
php-pear-net-url2,javascript-uri-parser,0
php-pear-net-url2,javascript-urijs,1
php-pear-net-url2,javascript-url-parse,1
php-pear-net-url2,javascript-url-toolkit,0
php-pear-net-url2,javascript-whatwg,1
php-pear-net-url2,perl-mojo-url,1
php-pear-net-url2,perl-uri,1
php-pear-net-url2,php-amphp-uri,1
php-pear-net-url2,php-guzzle-psr7,1
php-pear-net-url2,php-laminas,1
php-pear-net-url2,php-league,1
php-pear-net-url2,php-ml-iri,0
php-pear-net-url2,php-nette-http,1
php-pear-net-url2,php-opis-uri,1
php-pear-net-url2,php-parseurl,1
php-pear-net-url2,php-phrity-net-uri,1
php-pear-net-url2,php-sabre,1
php-pear-net-url2,php-spatie,1
php-pear-net-url2,python-ada-url,1
php-pear-net-url2,python-furl,1
php-pear-net-url2,python-httpx,1
php-pear-net-url2,python-hyperlink,1
php-pear-net-url2,python-lazr-uri,1
php-pear-net-url2,python-mdurl,0
php-pear-net-url2,python-purl,1
php-pear-net-url2,python-rfc3986,1
php-pear-net-url2,python-uritools,1
php-pear-net-url2,python-urllib3,1
php-pear-net-url2,python-yarl,1
php-pear-net-url2,r-httr2,1
php-pear-net-url2,r-urlparse,1
php-pear-net-url2,r-urltools,0
php-pear-net-url2,ruby-addressable,1
php-pear-net-url2,ruby-uri,1
php-pear-net-url2,rust-fluent-uri,1
php-pear-net-url2,rust-hyper-uri,1
php-pear-net-url2,rust-iref,1
php-pear-net-url2,rust-reqwest,1
php-pear-net-url2,rust-uriparse,1
php-pear-net-url2,rust-url,1
php-pear-net-url2,rust-urlparse,0
php-pear-net-url2,swift-url,1
php-pear-net-url2,swift-urlcomponents,1
php-pear-net-url2,swift-weburl,1
php-pear-net-url2,zig-std-uri,1
php-phrity-net-uri,ada-uri-mime,1
php-phrity-net-uri,bin-aria2,1
php-phrity-net-uri,bin-trurl,1
php-phrity-net-uri,bin-wget,1
php-phrity-net-uri,clojure-uri,1
php-phrity-net-uri,cpp-ada-url,1
php-phrity-net-uri,cpp-boost-url,1
php-phrity-net-uri,cpp-guri,1
php-phrity-net-uri,cpp-http-parser,1
php-phrity-net-uri,cpp-libcurl,1
php-phrity-net-uri,cpp-poco-uri,1
php-phrity-net-uri,cpp-qurl-strict,1
php-phrity-net-uri,cpp-qurl-tolerant,1
php-phrity-net-uri,cpp-uriparser,1
php-phrity-net-uri,cpp-url-c-rfc,1
php-phrity-net-uri,cpp-url-c-whatwg,1
php-phrity-net-uri,crystal-uri,1
php-phrity-net-uri,csharp-anglesharp,1
php-phrity-net-uri,csharp-flurl,1
php-phrity-net-uri,csharp-systemuri,1
php-phrity-net-uri,dart-core,1
php-phrity-net-uri,elixir-ex_url,1
php-phrity-net-uri,elixir-uri,1
php-phrity-net-uri,erlang-hackney-url,1
php-phrity-net-uri,erlang-ibrowse-lib,1
php-phrity-net-uri,erlang-uri-string,1
php-phrity-net-uri,go-net,1
php-phrity-net-uri,haskell-http-client,1
php-phrity-net-uri,haskell-http-conduit,1
php-phrity-net-uri,haskell-modern-uri,1
php-phrity-net-uri,haskell-network-uri,1
php-phrity-net-uri,haskell-uri-bytestring,1
php-phrity-net-uri,java-apache-httpclient,1
php-phrity-net-uri,java-galimatias,1
php-phrity-net-uri,java-netty,1
php-phrity-net-uri,java-okhttp,1
php-phrity-net-uri,java-spring-web,1
php-phrity-net-uri,java-uri,1
php-phrity-net-uri,java-url,1
php-phrity-net-uri,javascript-deno,1
php-phrity-net-uri,javascript-domurl,1
php-phrity-net-uri,javascript-fast-uri,1
php-phrity-net-uri,javascript-fast-url-parser,1
php-phrity-net-uri,javascript-jsuri,1
php-phrity-net-uri,javascript-legacy,1
php-phrity-net-uri,javascript-parse-uri,1
php-phrity-net-uri,javascript-parse-url,1
php-phrity-net-uri,javascript-parseuri,1
php-phrity-net-uri,javascript-smithy,1
php-phrity-net-uri,javascript-uri-js,1
php-phrity-net-uri,javascript-uri-parser,1
php-phrity-net-uri,javascript-urijs,1
php-phrity-net-uri,javascript-url-parse,1
php-phrity-net-uri,javascript-url-toolkit,1
php-phrity-net-uri,javascript-whatwg,1
php-phrity-net-uri,perl-mojo-url,1
php-phrity-net-uri,perl-uri,1
php-phrity-net-uri,php-amphp-uri,1
php-phrity-net-uri,php-guzzle-psr7,1
php-phrity-net-uri,php-laminas,1
php-phrity-net-uri,php-league,1
php-phrity-net-uri,php-ml-iri,1
php-phrity-net-uri,php-nette-http,1
php-phrity-net-uri,php-opis-uri,1
php-phrity-net-uri,php-parseurl,1
php-phrity-net-uri,php-pear-net-url2,1
php-phrity-net-uri,php-sabre,1
php-phrity-net-uri,php-spatie,1
php-phrity-net-uri,python-ada-url,1
php-phrity-net-uri,python-furl,1
php-phrity-net-uri,python-httpx,1
php-phrity-net-uri,python-hyperlink,1
php-phrity-net-uri,python-lazr-uri,1
php-phrity-net-uri,python-mdurl,1
php-phrity-net-uri,python-purl,1
php-phrity-net-uri,python-rfc3986,1
php-phrity-net-uri,python-uritools,1
php-phrity-net-uri,python-urllib3,1
php-phrity-net-uri,python-yarl,1
php-phrity-net-uri,r-httr2,1
php-phrity-net-uri,r-urlparse,1
php-phrity-net-uri,r-urltools,1
php-phrity-net-uri,ruby-addressable,1
php-phrity-net-uri,ruby-uri,1
php-phrity-net-uri,rust-fluent-uri,1
php-phrity-net-uri,rust-hyper-uri,1
php-phrity-net-uri,rust-iref,1
php-phrity-net-uri,rust-reqwest,1
php-phrity-net-uri,rust-uriparse,1
php-phrity-net-uri,rust-url,1
php-phrity-net-uri,rust-urlparse,1
php-phrity-net-uri,swift-url,1
php-phrity-net-uri,swift-urlcomponents,1
php-phrity-net-uri,swift-weburl,1
php-phrity-net-uri,zig-std-uri,1
php-sabre,ada-uri-mime,1
php-sabre,bin-aria2,1
php-sabre,bin-trurl,1
php-sabre,bin-wget,1
php-sabre,clojure-uri,1
php-sabre,cpp-ada-url,1
php-sabre,cpp-boost-url,1
php-sabre,cpp-guri,1
php-sabre,cpp-http-parser,1
php-sabre,cpp-libcurl,1
php-sabre,cpp-poco-uri,1
php-sabre,cpp-qurl-strict,1
php-sabre,cpp-qurl-tolerant,1
php-sabre,cpp-uriparser,1
php-sabre,cpp-url-c-rfc,1
php-sabre,cpp-url-c-whatwg,1
php-sabre,crystal-uri,1
php-sabre,csharp-anglesharp,1
php-sabre,csharp-flurl,1
php-sabre,csharp-systemuri,1
php-sabre,dart-core,1
php-sabre,elixir-ex_url,1
php-sabre,elixir-uri,1
php-sabre,erlang-hackney-url,1
php-sabre,erlang-ibrowse-lib,1
php-sabre,erlang-uri-string,1
php-sabre,go-net,1
php-sabre,haskell-http-client,1
php-sabre,haskell-http-conduit,1
php-sabre,haskell-modern-uri,1
php-sabre,haskell-network-uri,1
php-sabre,haskell-uri-bytestring,1
php-sabre,java-apache-httpclient,1
php-sabre,java-galimatias,1
php-sabre,java-netty,1
php-sabre,java-okhttp,1
php-sabre,java-spring-web,1
php-sabre,java-uri,1
php-sabre,java-url,1
php-sabre,javascript-deno,1
php-sabre,javascript-domurl,1
php-sabre,javascript-fast-uri,1
php-sabre,javascript-fast-url-parser,1
php-sabre,javascript-jsuri,1
php-sabre,javascript-legacy,1
php-sabre,javascript-parse-uri,1
php-sabre,javascript-parse-url,1
php-sabre,javascript-parseuri,1
php-sabre,javascript-smithy,1
php-sabre,javascript-uri-js,1
php-sabre,javascript-uri-parser,1
php-sabre,javascript-urijs,1
php-sabre,javascript-url-parse,1
php-sabre,javascript-url-toolkit,1
php-sabre,javascript-whatwg,1
php-sabre,perl-mojo-url,1
php-sabre,perl-uri,1
php-sabre,php-amphp-uri,1
php-sabre,php-guzzle-psr7,1
php-sabre,php-laminas,1
php-sabre,php-league,1
php-sabre,php-ml-iri,1
php-sabre,php-nette-http,1
php-sabre,php-opis-uri,1
php-sabre,php-parseurl,1
php-sabre,php-pear-net-url2,1
php-sabre,php-phrity-net-uri,1
php-sabre,php-spatie,1
php-sabre,python-ada-url,1
php-sabre,python-furl,1
php-sabre,python-httpx,1
php-sabre,python-hyperlink,1
php-sabre,python-lazr-uri,1
php-sabre,python-mdurl,1
php-sabre,python-purl,1
php-sabre,python-rfc3986,1
php-sabre,python-uritools,1
php-sabre,python-urllib3,1
php-sabre,python-yarl,1
php-sabre,r-httr2,1
php-sabre,r-urlparse,1
php-sabre,r-urltools,1
php-sabre,ruby-addressable,1
php-sabre,ruby-uri,1
php-sabre,rust-fluent-uri,1
php-sabre,rust-hyper-uri,1
php-sabre,rust-iref,1
php-sabre,rust-reqwest,1
php-sabre,rust-uriparse,1
php-sabre,rust-url,1
php-sabre,rust-urlparse,1
php-sabre,swift-url,1
php-sabre,swift-urlcomponents,1
php-sabre,swift-weburl,1
php-sabre,zig-std-uri,1
php-spatie,ada-uri-mime,1
php-spatie,bin-aria2,1
php-spatie,bin-trurl,1
php-spatie,bin-wget,1
php-spatie,clojure-uri,1
php-spatie,cpp-ada-url,1
php-spatie,cpp-boost-url,1
php-spatie,cpp-guri,1
php-spatie,cpp-http-parser,1
php-spatie,cpp-libcurl,1
php-spatie,cpp-poco-uri,1
php-spatie,cpp-qurl-strict,1
php-spatie,cpp-qurl-tolerant,1
php-spatie,cpp-uriparser,1
php-spatie,cpp-url-c-rfc,1
php-spatie,cpp-url-c-whatwg,1
php-spatie,crystal-uri,1
php-spatie,csharp-anglesharp,1
php-spatie,csharp-flurl,1
php-spatie,csharp-systemuri,1
php-spatie,dart-core,1
php-spatie,elixir-ex_url,1
php-spatie,elixir-uri,1
php-spatie,erlang-hackney-url,1
php-spatie,erlang-ibrowse-lib,1
php-spatie,erlang-uri-string,1
php-spatie,go-net,1
php-spatie,haskell-http-client,1
php-spatie,haskell-http-conduit,1
php-spatie,haskell-modern-uri,1
php-spatie,haskell-network-uri,1
php-spatie,haskell-uri-bytestring,1
php-spatie,java-apache-httpclient,1
php-spatie,java-galimatias,1
php-spatie,java-netty,1
php-spatie,java-okhttp,1
php-spatie,java-spring-web,1
php-spatie,java-uri,1
php-spatie,java-url,1
php-spatie,javascript-deno,1
php-spatie,javascript-domurl,1
php-spatie,javascript-fast-uri,1
php-spatie,javascript-fast-url-parser,1
php-spatie,javascript-jsuri,1
php-spatie,javascript-legacy,1
php-spatie,javascript-parse-uri,1
php-spatie,javascript-parse-url,1
php-spatie,javascript-parseuri,1
php-spatie,javascript-smithy,1
php-spatie,javascript-uri-js,1
php-spatie,javascript-uri-parser,1
php-spatie,javascript-urijs,1
php-spatie,javascript-url-parse,1
php-spatie,javascript-url-toolkit,1
php-spatie,javascript-whatwg,1
php-spatie,perl-mojo-url,1
php-spatie,perl-uri,1
php-spatie,php-amphp-uri,1
php-spatie,php-guzzle-psr7,1
php-spatie,php-laminas,1
php-spatie,php-league,1
php-spatie,php-ml-iri,1
php-spatie,php-nette-http,1
php-spatie,php-opis-uri,1
php-spatie,php-parseurl,1
php-spatie,php-pear-net-url2,1
php-spatie,php-phrity-net-uri,1
php-spatie,php-sabre,1
php-spatie,python-ada-url,1
php-spatie,python-furl,1
php-spatie,python-httpx,1
php-spatie,python-hyperlink,1
php-spatie,python-lazr-uri,1
php-spatie,python-mdurl,1
php-spatie,python-purl,1
php-spatie,python-rfc3986,1
php-spatie,python-uritools,1
php-spatie,python-urllib3,1
php-spatie,python-yarl,1
php-spatie,r-httr2,1
php-spatie,r-urlparse,1
php-spatie,r-urltools,1
php-spatie,ruby-addressable,1
php-spatie,ruby-uri,1
php-spatie,rust-fluent-uri,1
php-spatie,rust-hyper-uri,1
php-spatie,rust-iref,1
php-spatie,rust-reqwest,1
php-spatie,rust-uriparse,1
php-spatie,rust-url,1
php-spatie,rust-urlparse,1
php-spatie,swift-url,1
php-spatie,swift-urlcomponents,1
php-spatie,swift-weburl,1
php-spatie,zig-std-uri,1
python-ada-url,ada-uri-mime,1
python-ada-url,bin-aria2,1
python-ada-url,bin-trurl,1
python-ada-url,bin-wget,1
python-ada-url,clojure-uri,1
python-ada-url,cpp-ada-url,1
python-ada-url,cpp-boost-url,1
python-ada-url,cpp-guri,1
python-ada-url,cpp-http-parser,1
python-ada-url,cpp-libcurl,1
python-ada-url,cpp-poco-uri,1
python-ada-url,cpp-qurl-strict,1
python-ada-url,cpp-qurl-tolerant,1
python-ada-url,cpp-uriparser,1
python-ada-url,cpp-url-c-rfc,1
python-ada-url,cpp-url-c-whatwg,1
python-ada-url,crystal-uri,1
python-ada-url,csharp-anglesharp,1
python-ada-url,csharp-flurl,1
python-ada-url,csharp-systemuri,1
python-ada-url,dart-core,1
python-ada-url,elixir-ex_url,1
python-ada-url,elixir-uri,1
python-ada-url,erlang-hackney-url,1
python-ada-url,erlang-ibrowse-lib,1
python-ada-url,erlang-uri-string,1
python-ada-url,go-net,1
python-ada-url,haskell-http-client,1
python-ada-url,haskell-http-conduit,1
python-ada-url,haskell-modern-uri,1
python-ada-url,haskell-network-uri,1
python-ada-url,haskell-uri-bytestring,1
python-ada-url,java-apache-httpclient,1
python-ada-url,java-galimatias,1
python-ada-url,java-netty,1
python-ada-url,java-okhttp,1
python-ada-url,java-spring-web,1
python-ada-url,java-uri,1
python-ada-url,java-url,1
python-ada-url,javascript-deno,1
python-ada-url,javascript-domurl,1
python-ada-url,javascript-fast-uri,1
python-ada-url,javascript-fast-url-parser,1
python-ada-url,javascript-jsuri,1
python-ada-url,javascript-legacy,1
python-ada-url,javascript-parse-uri,1
python-ada-url,javascript-parse-url,1
python-ada-url,javascript-parseuri,1
python-ada-url,javascript-smithy,1
python-ada-url,javascript-uri-js,1
python-ada-url,javascript-uri-parser,1
python-ada-url,javascript-urijs,1
python-ada-url,javascript-url-parse,1
python-ada-url,javascript-url-toolkit,1
python-ada-url,javascript-whatwg,1
python-ada-url,perl-mojo-url,1
python-ada-url,perl-uri,1
python-ada-url,php-amphp-uri,1
python-ada-url,php-guzzle-psr7,1
python-ada-url,php-laminas,1
python-ada-url,php-league,1
python-ada-url,php-ml-iri,1
python-ada-url,php-nette-http,1
python-ada-url,php-opis-uri,1
python-ada-url,php-parseurl,1
python-ada-url,php-pear-net-url2,1
python-ada-url,php-phrity-net-uri,1
python-ada-url,php-sabre,1
python-ada-url,php-spatie,1
python-ada-url,python-furl,1
python-ada-url,python-httpx,1
python-ada-url,python-hyperlink,1
python-ada-url,python-lazr-uri,1
python-ada-url,python-mdurl,1
python-ada-url,python-purl,1
python-ada-url,python-rfc3986,1
python-ada-url,python-uritools,1
python-ada-url,python-urllib3,1
python-ada-url,python-yarl,1
python-ada-url,r-httr2,1
python-ada-url,r-urlparse,1
python-ada-url,r-urltools,1
python-ada-url,ruby-addressable,1
python-ada-url,ruby-uri,1
python-ada-url,rust-fluent-uri,1
python-ada-url,rust-hyper-uri,1
python-ada-url,rust-iref,1
python-ada-url,rust-reqwest,1
python-ada-url,rust-uriparse,1
python-ada-url,rust-url,1
python-ada-url,rust-urlparse,1
python-ada-url,swift-url,1
python-ada-url,swift-urlcomponents,1
python-ada-url,swift-weburl,1
python-ada-url,zig-std-uri,1
python-furl,ada-uri-mime,1
python-furl,bin-aria2,1
python-furl,bin-trurl,1
python-furl,bin-wget,1
python-furl,clojure-uri,1
python-furl,cpp-ada-url,1
python-furl,cpp-boost-url,1
python-furl,cpp-guri,1
python-furl,cpp-http-parser,1
python-furl,cpp-libcurl,1
python-furl,cpp-poco-uri,1
python-furl,cpp-qurl-strict,1
python-furl,cpp-qurl-tolerant,1
python-furl,cpp-uriparser,1
python-furl,cpp-url-c-rfc,1
python-furl,cpp-url-c-whatwg,1
python-furl,crystal-uri,1
python-furl,csharp-anglesharp,1
python-furl,csharp-flurl,1
python-furl,csharp-systemuri,1
python-furl,dart-core,1
python-furl,elixir-ex_url,1
python-furl,elixir-uri,1
python-furl,erlang-hackney-url,1
python-furl,erlang-ibrowse-lib,1
python-furl,erlang-uri-string,1
python-furl,go-net,1
python-furl,haskell-http-client,1
python-furl,haskell-http-conduit,1
python-furl,haskell-modern-uri,1
python-furl,haskell-network-uri,1
python-furl,haskell-uri-bytestring,1
python-furl,java-apache-httpclient,1
python-furl,java-galimatias,1
python-furl,java-netty,1
python-furl,java-okhttp,1
python-furl,java-spring-web,1
python-furl,java-uri,1
python-furl,java-url,1
python-furl,javascript-deno,1
python-furl,javascript-domurl,1
python-furl,javascript-fast-uri,1
python-furl,javascript-fast-url-parser,1
python-furl,javascript-jsuri,1
python-furl,javascript-legacy,1
python-furl,javascript-parse-uri,1
python-furl,javascript-parse-url,1
python-furl,javascript-parseuri,1
python-furl,javascript-smithy,1
python-furl,javascript-uri-js,1
python-furl,javascript-uri-parser,1
python-furl,javascript-urijs,1
python-furl,javascript-url-parse,1
python-furl,javascript-url-toolkit,1
python-furl,javascript-whatwg,1
python-furl,perl-mojo-url,1
python-furl,perl-uri,1
python-furl,php-amphp-uri,1
python-furl,php-guzzle-psr7,1
python-furl,php-laminas,1
python-furl,php-league,1
python-furl,php-ml-iri,1
python-furl,php-nette-http,1
python-furl,php-opis-uri,1
python-furl,php-parseurl,1
python-furl,php-pear-net-url2,1
python-furl,php-phrity-net-uri,1
python-furl,php-sabre,1
python-furl,php-spatie,1
python-furl,python-ada-url,1
python-furl,python-httpx,1
python-furl,python-hyperlink,1
python-furl,python-lazr-uri,1
python-furl,python-mdurl,1
python-furl,python-purl,1
python-furl,python-rfc3986,1
python-furl,python-uritools,1
python-furl,python-urllib3,1
python-furl,python-yarl,1
python-furl,r-httr2,1
python-furl,r-urlparse,1
python-furl,r-urltools,1
python-furl,ruby-addressable,1
python-furl,ruby-uri,1
python-furl,rust-fluent-uri,1
python-furl,rust-hyper-uri,1
python-furl,rust-iref,1
python-furl,rust-reqwest,1
python-furl,rust-uriparse,1
python-furl,rust-url,1
python-furl,rust-urlparse,1
python-furl,swift-url,1
python-furl,swift-urlcomponents,1
python-furl,swift-weburl,1
python-furl,zig-std-uri,1
python-httpx,ada-uri-mime,1
python-httpx,bin-aria2,1
python-httpx,bin-trurl,1
python-httpx,bin-wget,1
python-httpx,clojure-uri,1
python-httpx,cpp-ada-url,1
python-httpx,cpp-boost-url,1
python-httpx,cpp-guri,1
python-httpx,cpp-http-parser,1
python-httpx,cpp-libcurl,1
python-httpx,cpp-poco-uri,1
python-httpx,cpp-qurl-strict,1
python-httpx,cpp-qurl-tolerant,1
python-httpx,cpp-uriparser,1
python-httpx,cpp-url-c-rfc,1
python-httpx,cpp-url-c-whatwg,1
python-httpx,crystal-uri,1
python-httpx,csharp-anglesharp,1
python-httpx,csharp-flurl,1
python-httpx,csharp-systemuri,1
python-httpx,dart-core,1
python-httpx,elixir-ex_url,1
python-httpx,elixir-uri,1
python-httpx,erlang-hackney-url,1
python-httpx,erlang-ibrowse-lib,1
python-httpx,erlang-uri-string,1
python-httpx,go-net,1
python-httpx,haskell-http-client,1
python-httpx,haskell-http-conduit,1
python-httpx,haskell-modern-uri,1
python-httpx,haskell-network-uri,1
python-httpx,haskell-uri-bytestring,1
python-httpx,java-apache-httpclient,1
python-httpx,java-galimatias,1
python-httpx,java-netty,1
python-httpx,java-okhttp,1
python-httpx,java-spring-web,1
python-httpx,java-uri,1
python-httpx,java-url,1
python-httpx,javascript-deno,1
python-httpx,javascript-domurl,1
python-httpx,javascript-fast-uri,1
python-httpx,javascript-fast-url-parser,1
python-httpx,javascript-jsuri,1
python-httpx,javascript-legacy,1
python-httpx,javascript-parse-uri,1
python-httpx,javascript-parse-url,1
python-httpx,javascript-parseuri,1
python-httpx,javascript-smithy,1
python-httpx,javascript-uri-js,1
python-httpx,javascript-uri-parser,1
python-httpx,javascript-urijs,1
python-httpx,javascript-url-parse,1
python-httpx,javascript-url-toolkit,1
python-httpx,javascript-whatwg,1
python-httpx,perl-mojo-url,1
python-httpx,perl-uri,1
python-httpx,php-amphp-uri,1
python-httpx,php-guzzle-psr7,1
python-httpx,php-laminas,1
python-httpx,php-league,1
python-httpx,php-ml-iri,1
python-httpx,php-nette-http,1
python-httpx,php-opis-uri,1
python-httpx,php-parseurl,1
python-httpx,php-pear-net-url2,1
python-httpx,php-phrity-net-uri,1
python-httpx,php-sabre,1
python-httpx,php-spatie,1
python-httpx,python-ada-url,1
python-httpx,python-furl,1
python-httpx,python-hyperlink,1
python-httpx,python-lazr-uri,1
python-httpx,python-mdurl,1
python-httpx,python-purl,1
python-httpx,python-rfc3986,1
python-httpx,python-uritools,1
python-httpx,python-urllib3,1
python-httpx,python-yarl,1
python-httpx,r-httr2,1
python-httpx,r-urlparse,1
python-httpx,r-urltools,1
python-httpx,ruby-addressable,1
python-httpx,ruby-uri,1
python-httpx,rust-fluent-uri,1
python-httpx,rust-hyper-uri,1
python-httpx,rust-iref,1
python-httpx,rust-reqwest,1
python-httpx,rust-uriparse,1
python-httpx,rust-url,1
python-httpx,rust-urlparse,1
python-httpx,swift-url,1
python-httpx,swift-urlcomponents,1
python-httpx,swift-weburl,1
python-httpx,zig-std-uri,1
python-hyperlink,ada-uri-mime,1
python-hyperlink,bin-aria2,1
python-hyperlink,bin-trurl,1
python-hyperlink,bin-wget,1
python-hyperlink,clojure-uri,1
python-hyperlink,cpp-ada-url,1
python-hyperlink,cpp-boost-url,1
python-hyperlink,cpp-guri,1
python-hyperlink,cpp-http-parser,1
python-hyperlink,cpp-libcurl,1
python-hyperlink,cpp-poco-uri,1
python-hyperlink,cpp-qurl-strict,1
python-hyperlink,cpp-qurl-tolerant,1
python-hyperlink,cpp-uriparser,1
python-hyperlink,cpp-url-c-rfc,1
python-hyperlink,cpp-url-c-whatwg,1
python-hyperlink,crystal-uri,1
python-hyperlink,csharp-anglesharp,1
python-hyperlink,csharp-flurl,1
python-hyperlink,csharp-systemuri,1
python-hyperlink,dart-core,1
python-hyperlink,elixir-ex_url,1
python-hyperlink,elixir-uri,1
python-hyperlink,erlang-hackney-url,1
python-hyperlink,erlang-ibrowse-lib,1
python-hyperlink,erlang-uri-string,1
python-hyperlink,go-net,1
python-hyperlink,haskell-http-client,1
python-hyperlink,haskell-http-conduit,1
python-hyperlink,haskell-modern-uri,1
python-hyperlink,haskell-network-uri,1
python-hyperlink,haskell-uri-bytestring,1
python-hyperlink,java-apache-httpclient,1
python-hyperlink,java-galimatias,1
python-hyperlink,java-netty,1
python-hyperlink,java-okhttp,1
python-hyperlink,java-spring-web,1
python-hyperlink,java-uri,1
python-hyperlink,java-url,1
python-hyperlink,javascript-deno,1
python-hyperlink,javascript-domurl,1
python-hyperlink,javascript-fast-uri,1
python-hyperlink,javascript-fast-url-parser,1
python-hyperlink,javascript-jsuri,1
python-hyperlink,javascript-legacy,1
python-hyperlink,javascript-parse-uri,1
python-hyperlink,javascript-parse-url,1
python-hyperlink,javascript-parseuri,1
python-hyperlink,javascript-smithy,1
python-hyperlink,javascript-uri-js,1
python-hyperlink,javascript-uri-parser,1
python-hyperlink,javascript-urijs,1
python-hyperlink,javascript-url-parse,1
python-hyperlink,javascript-url-toolkit,1
python-hyperlink,javascript-whatwg,1
python-hyperlink,perl-mojo-url,1
python-hyperlink,perl-uri,1
python-hyperlink,php-amphp-uri,1
python-hyperlink,php-guzzle-psr7,1
python-hyperlink,php-laminas,1
python-hyperlink,php-league,1
python-hyperlink,php-ml-iri,1
python-hyperlink,php-nette-http,1
python-hyperlink,php-opis-uri,1
python-hyperlink,php-parseurl,1
python-hyperlink,php-pear-net-url2,1
python-hyperlink,php-phrity-net-uri,1
python-hyperlink,php-sabre,1
python-hyperlink,php-spatie,1
python-hyperlink,python-ada-url,1
python-hyperlink,python-furl,1
python-hyperlink,python-httpx,1
python-hyperlink,python-lazr-uri,1
python-hyperlink,python-mdurl,1
python-hyperlink,python-purl,1
python-hyperlink,python-rfc3986,1
python-hyperlink,python-uritools,1
python-hyperlink,python-urllib3,1
python-hyperlink,python-yarl,1
python-hyperlink,r-httr2,1
python-hyperlink,r-urlparse,1
python-hyperlink,r-urltools,1
python-hyperlink,ruby-addressable,1
python-hyperlink,ruby-uri,1
python-hyperlink,rust-fluent-uri,1
python-hyperlink,rust-hyper-uri,1
python-hyperlink,rust-iref,1
python-hyperlink,rust-reqwest,1
python-hyperlink,rust-uriparse,1
python-hyperlink,rust-url,1
python-hyperlink,rust-urlparse,1
python-hyperlink,swift-url,1
python-hyperlink,swift-urlcomponents,1
python-hyperlink,swift-weburl,1
python-hyperlink,zig-std-uri,1
python-lazr-uri,ada-uri-mime,1
python-lazr-uri,bin-aria2,1
python-lazr-uri,bin-trurl,1
python-lazr-uri,bin-wget,1
python-lazr-uri,clojure-uri,1
python-lazr-uri,cpp-ada-url,1
python-lazr-uri,cpp-boost-url,1
python-lazr-uri,cpp-guri,1
python-lazr-uri,cpp-http-parser,1
python-lazr-uri,cpp-libcurl,1
python-lazr-uri,cpp-poco-uri,1
python-lazr-uri,cpp-qurl-strict,1
python-lazr-uri,cpp-qurl-tolerant,1
python-lazr-uri,cpp-uriparser,1
python-lazr-uri,cpp-url-c-rfc,1
python-lazr-uri,cpp-url-c-whatwg,1
python-lazr-uri,crystal-uri,1
python-lazr-uri,csharp-anglesharp,1
python-lazr-uri,csharp-flurl,1
python-lazr-uri,csharp-systemuri,1
python-lazr-uri,dart-core,1
python-lazr-uri,elixir-ex_url,1
python-lazr-uri,elixir-uri,1
python-lazr-uri,erlang-hackney-url,1
python-lazr-uri,erlang-ibrowse-lib,1
python-lazr-uri,erlang-uri-string,1
python-lazr-uri,go-net,1
python-lazr-uri,haskell-http-client,1
python-lazr-uri,haskell-http-conduit,1
python-lazr-uri,haskell-modern-uri,1
python-lazr-uri,haskell-network-uri,1
python-lazr-uri,haskell-uri-bytestring,1
python-lazr-uri,java-apache-httpclient,1
python-lazr-uri,java-galimatias,1
python-lazr-uri,java-netty,1
python-lazr-uri,java-okhttp,1
python-lazr-uri,java-spring-web,1
python-lazr-uri,java-uri,1
python-lazr-uri,java-url,1
python-lazr-uri,javascript-deno,1
python-lazr-uri,javascript-domurl,1
python-lazr-uri,javascript-fast-uri,1
python-lazr-uri,javascript-fast-url-parser,1
python-lazr-uri,javascript-jsuri,1
python-lazr-uri,javascript-legacy,1
python-lazr-uri,javascript-parse-uri,1
python-lazr-uri,javascript-parse-url,1
python-lazr-uri,javascript-parseuri,1
python-lazr-uri,javascript-smithy,1
python-lazr-uri,javascript-uri-js,1
python-lazr-uri,javascript-uri-parser,1
python-lazr-uri,javascript-urijs,1
python-lazr-uri,javascript-url-parse,1
python-lazr-uri,javascript-url-toolkit,1
python-lazr-uri,javascript-whatwg,1
python-lazr-uri,perl-mojo-url,1
python-lazr-uri,perl-uri,1
python-lazr-uri,php-amphp-uri,1
python-lazr-uri,php-guzzle-psr7,1
python-lazr-uri,php-laminas,1
python-lazr-uri,php-league,1
python-lazr-uri,php-ml-iri,1
python-lazr-uri,php-nette-http,1
python-lazr-uri,php-opis-uri,1
python-lazr-uri,php-parseurl,1
python-lazr-uri,php-pear-net-url2,1
python-lazr-uri,php-phrity-net-uri,1
python-lazr-uri,php-sabre,1
python-lazr-uri,php-spatie,1
python-lazr-uri,python-ada-url,1
python-lazr-uri,python-furl,1
python-lazr-uri,python-httpx,1
python-lazr-uri,python-hyperlink,1
python-lazr-uri,python-mdurl,1
python-lazr-uri,python-purl,1
python-lazr-uri,python-rfc3986,1
python-lazr-uri,python-uritools,1
python-lazr-uri,python-urllib3,1
python-lazr-uri,python-yarl,1
python-lazr-uri,r-httr2,1
python-lazr-uri,r-urlparse,1
python-lazr-uri,r-urltools,1
python-lazr-uri,ruby-addressable,1
python-lazr-uri,ruby-uri,1
python-lazr-uri,rust-fluent-uri,1
python-lazr-uri,rust-hyper-uri,1
python-lazr-uri,rust-iref,1
python-lazr-uri,rust-reqwest,1
python-lazr-uri,rust-uriparse,1
python-lazr-uri,rust-url,1
python-lazr-uri,rust-urlparse,1
python-lazr-uri,swift-url,1
python-lazr-uri,swift-urlcomponents,1
python-lazr-uri,swift-weburl,1
python-lazr-uri,zig-std-uri,1
python-mdurl,ada-uri-mime,1
python-mdurl,bin-aria2,1
python-mdurl,bin-trurl,0
python-mdurl,bin-wget,1
python-mdurl,clojure-uri,1
python-mdurl,cpp-ada-url,1
python-mdurl,cpp-boost-url,1
python-mdurl,cpp-guri,1
python-mdurl,cpp-http-parser,1
python-mdurl,cpp-libcurl,1
python-mdurl,cpp-poco-uri,1
python-mdurl,cpp-qurl-strict,1
python-mdurl,cpp-qurl-tolerant,0
python-mdurl,cpp-uriparser,1
python-mdurl,cpp-url-c-rfc,1
python-mdurl,cpp-url-c-whatwg,1
python-mdurl,crystal-uri,1
python-mdurl,csharp-anglesharp,1
python-mdurl,csharp-flurl,1
python-mdurl,csharp-systemuri,1
python-mdurl,dart-core,1
python-mdurl,elixir-ex_url,1
python-mdurl,elixir-uri,1
python-mdurl,erlang-hackney-url,1
python-mdurl,erlang-ibrowse-lib,1
python-mdurl,erlang-uri-string,1
python-mdurl,go-net,1
python-mdurl,haskell-http-client,1
python-mdurl,haskell-http-conduit,1
python-mdurl,haskell-modern-uri,1
python-mdurl,haskell-network-uri,1
python-mdurl,haskell-uri-bytestring,1
python-mdurl,java-apache-httpclient,1
python-mdurl,java-galimatias,1
python-mdurl,java-netty,1
python-mdurl,java-okhttp,1
python-mdurl,java-spring-web,1
python-mdurl,java-uri,1
python-mdurl,java-url,1
python-mdurl,javascript-deno,1
python-mdurl,javascript-domurl,1
python-mdurl,javascript-fast-uri,1
python-mdurl,javascript-fast-url-parser,1
python-mdurl,javascript-jsuri,1
python-mdurl,javascript-legacy,1
python-mdurl,javascript-parse-uri,0
python-mdurl,javascript-parse-url,1
python-mdurl,javascript-parseuri,0
python-mdurl,javascript-smithy,1
python-mdurl,javascript-uri-js,0
python-mdurl,javascript-uri-parser,0
python-mdurl,javascript-urijs,1
python-mdurl,javascript-url-parse,1
python-mdurl,javascript-url-toolkit,0
python-mdurl,javascript-whatwg,1
python-mdurl,perl-mojo-url,1
python-mdurl,perl-uri,1
python-mdurl,php-amphp-uri,1
python-mdurl,php-guzzle-psr7,1
python-mdurl,php-laminas,1
python-mdurl,php-league,1
python-mdurl,php-ml-iri,0
python-mdurl,php-nette-http,1
python-mdurl,php-opis-uri,1
python-mdurl,php-parseurl,1
python-mdurl,php-pear-net-url2,0
python-mdurl,php-phrity-net-uri,1
python-mdurl,php-sabre,1
python-mdurl,php-spatie,1
python-mdurl,python-ada-url,1
python-mdurl,python-furl,1
python-mdurl,python-httpx,1
python-mdurl,python-hyperlink,1
python-mdurl,python-lazr-uri,1
python-mdurl,python-purl,1
python-mdurl,python-rfc3986,1
python-mdurl,python-uritools,1
python-mdurl,python-urllib3,1
python-mdurl,python-yarl,1
python-mdurl,r-httr2,1
python-mdurl,r-urlparse,1
python-mdurl,r-urltools,0
python-mdurl,ruby-addressable,1
python-mdurl,ruby-uri,1
python-mdurl,rust-fluent-uri,1
python-mdurl,rust-hyper-uri,1
python-mdurl,rust-iref,1
python-mdurl,rust-reqwest,1
python-mdurl,rust-uriparse,1
python-mdurl,rust-url,1
python-mdurl,rust-urlparse,0
python-mdurl,swift-url,1
python-mdurl,swift-urlcomponents,1
python-mdurl,swift-weburl,1
python-mdurl,zig-std-uri,1
python-purl,ada-uri-mime,1
python-purl,bin-aria2,1
python-purl,bin-trurl,1
python-purl,bin-wget,1
python-purl,clojure-uri,1
python-purl,cpp-ada-url,1
python-purl,cpp-boost-url,1
python-purl,cpp-guri,1
python-purl,cpp-http-parser,1
python-purl,cpp-libcurl,1
python-purl,cpp-poco-uri,1
python-purl,cpp-qurl-strict,1
python-purl,cpp-qurl-tolerant,1
python-purl,cpp-uriparser,1
python-purl,cpp-url-c-rfc,1
python-purl,cpp-url-c-whatwg,1
python-purl,crystal-uri,1
python-purl,csharp-anglesharp,1
python-purl,csharp-flurl,1
python-purl,csharp-systemuri,1
python-purl,dart-core,1
python-purl,elixir-ex_url,1
python-purl,elixir-uri,1
python-purl,erlang-hackney-url,1
python-purl,erlang-ibrowse-lib,1
python-purl,erlang-uri-string,1
python-purl,go-net,1
python-purl,haskell-http-client,1
python-purl,haskell-http-conduit,1
python-purl,haskell-modern-uri,1
python-purl,haskell-network-uri,1
python-purl,haskell-uri-bytestring,1
python-purl,java-apache-httpclient,1
python-purl,java-galimatias,1
python-purl,java-netty,1
python-purl,java-okhttp,1
python-purl,java-spring-web,1
python-purl,java-uri,1
python-purl,java-url,1
python-purl,javascript-deno,1
python-purl,javascript-domurl,1
python-purl,javascript-fast-uri,1
python-purl,javascript-fast-url-parser,1
python-purl,javascript-jsuri,1
python-purl,javascript-legacy,1
python-purl,javascript-parse-uri,1
python-purl,javascript-parse-url,1
python-purl,javascript-parseuri,1
python-purl,javascript-smithy,1
python-purl,javascript-uri-js,1
python-purl,javascript-uri-parser,1
python-purl,javascript-urijs,1
python-purl,javascript-url-parse,1
python-purl,javascript-url-toolkit,1
python-purl,javascript-whatwg,1
python-purl,perl-mojo-url,1
python-purl,perl-uri,1
python-purl,php-amphp-uri,1
python-purl,php-guzzle-psr7,1
python-purl,php-laminas,1
python-purl,php-league,1
python-purl,php-ml-iri,1
python-purl,php-nette-http,1
python-purl,php-opis-uri,1
python-purl,php-parseurl,1
python-purl,php-pear-net-url2,1
python-purl,php-phrity-net-uri,1
python-purl,php-sabre,1
python-purl,php-spatie,1
python-purl,python-ada-url,1
python-purl,python-furl,1
python-purl,python-httpx,1
python-purl,python-hyperlink,1
python-purl,python-lazr-uri,1
python-purl,python-mdurl,1
python-purl,python-rfc3986,1
python-purl,python-uritools,1
python-purl,python-urllib3,1
python-purl,python-yarl,1
python-purl,r-httr2,1
python-purl,r-urlparse,1
python-purl,r-urltools,1
python-purl,ruby-addressable,1
python-purl,ruby-uri,1
python-purl,rust-fluent-uri,1
python-purl,rust-hyper-uri,1
python-purl,rust-iref,1
python-purl,rust-reqwest,1
python-purl,rust-uriparse,1
python-purl,rust-url,1
python-purl,rust-urlparse,1
python-purl,swift-url,1
python-purl,swift-urlcomponents,1
python-purl,swift-weburl,1
python-purl,zig-std-uri,1
python-rfc3986,ada-uri-mime,1
python-rfc3986,bin-aria2,1
python-rfc3986,bin-trurl,1
python-rfc3986,bin-wget,1
python-rfc3986,clojure-uri,1
python-rfc3986,cpp-ada-url,1
python-rfc3986,cpp-boost-url,1
python-rfc3986,cpp-guri,1
python-rfc3986,cpp-http-parser,1
python-rfc3986,cpp-libcurl,1
python-rfc3986,cpp-poco-uri,1
python-rfc3986,cpp-qurl-strict,1
python-rfc3986,cpp-qurl-tolerant,1
python-rfc3986,cpp-uriparser,1
python-rfc3986,cpp-url-c-rfc,1
python-rfc3986,cpp-url-c-whatwg,1
python-rfc3986,crystal-uri,1
python-rfc3986,csharp-anglesharp,1
python-rfc3986,csharp-flurl,1
python-rfc3986,csharp-systemuri,1
python-rfc3986,dart-core,1
python-rfc3986,elixir-ex_url,1
python-rfc3986,elixir-uri,1
python-rfc3986,erlang-hackney-url,1
python-rfc3986,erlang-ibrowse-lib,1
python-rfc3986,erlang-uri-string,1
python-rfc3986,go-net,1
python-rfc3986,haskell-http-client,1
python-rfc3986,haskell-http-conduit,1
python-rfc3986,haskell-modern-uri,1
python-rfc3986,haskell-network-uri,1
python-rfc3986,haskell-uri-bytestring,1
python-rfc3986,java-apache-httpclient,1
python-rfc3986,java-galimatias,1
python-rfc3986,java-netty,1
python-rfc3986,java-okhttp,1
python-rfc3986,java-spring-web,1
python-rfc3986,java-uri,1
python-rfc3986,java-url,1
python-rfc3986,javascript-deno,1
python-rfc3986,javascript-domurl,1
python-rfc3986,javascript-fast-uri,1
python-rfc3986,javascript-fast-url-parser,1
python-rfc3986,javascript-jsuri,1
python-rfc3986,javascript-legacy,1
python-rfc3986,javascript-parse-uri,1
python-rfc3986,javascript-parse-url,1
python-rfc3986,javascript-parseuri,1
python-rfc3986,javascript-smithy,1
python-rfc3986,javascript-uri-js,1
python-rfc3986,javascript-uri-parser,1
python-rfc3986,javascript-urijs,1
python-rfc3986,javascript-url-parse,1
python-rfc3986,javascript-url-toolkit,1
python-rfc3986,javascript-whatwg,1
python-rfc3986,perl-mojo-url,1
python-rfc3986,perl-uri,1
python-rfc3986,php-amphp-uri,1
python-rfc3986,php-guzzle-psr7,1
python-rfc3986,php-laminas,1
python-rfc3986,php-league,1
python-rfc3986,php-ml-iri,1
python-rfc3986,php-nette-http,1
python-rfc3986,php-opis-uri,1
python-rfc3986,php-parseurl,1
python-rfc3986,php-pear-net-url2,1
python-rfc3986,php-phrity-net-uri,1
python-rfc3986,php-sabre,1
python-rfc3986,php-spatie,1
python-rfc3986,python-ada-url,1
python-rfc3986,python-furl,1
python-rfc3986,python-httpx,1
python-rfc3986,python-hyperlink,1
python-rfc3986,python-lazr-uri,1
python-rfc3986,python-mdurl,1
python-rfc3986,python-purl,1
python-rfc3986,python-uritools,1
python-rfc3986,python-urllib3,1
python-rfc3986,python-yarl,1
python-rfc3986,r-httr2,1
python-rfc3986,r-urlparse,1
python-rfc3986,r-urltools,1
python-rfc3986,ruby-addressable,1
python-rfc3986,ruby-uri,1
python-rfc3986,rust-fluent-uri,1
python-rfc3986,rust-hyper-uri,1
python-rfc3986,rust-iref,1
python-rfc3986,rust-reqwest,1
python-rfc3986,rust-uriparse,1
python-rfc3986,rust-url,1
python-rfc3986,rust-urlparse,1
python-rfc3986,swift-url,1
python-rfc3986,swift-urlcomponents,1
python-rfc3986,swift-weburl,1
python-rfc3986,zig-std-uri,1
python-uritools,ada-uri-mime,1
python-uritools,bin-aria2,1
python-uritools,bin-trurl,1
python-uritools,bin-wget,1
python-uritools,clojure-uri,1
python-uritools,cpp-ada-url,1
python-uritools,cpp-boost-url,1
python-uritools,cpp-guri,1
python-uritools,cpp-http-parser,1
python-uritools,cpp-libcurl,1
python-uritools,cpp-poco-uri,1
python-uritools,cpp-qurl-strict,1
python-uritools,cpp-qurl-tolerant,1
python-uritools,cpp-uriparser,1
python-uritools,cpp-url-c-rfc,1
python-uritools,cpp-url-c-whatwg,1
python-uritools,crystal-uri,1
python-uritools,csharp-anglesharp,1
python-uritools,csharp-flurl,1
python-uritools,csharp-systemuri,1
python-uritools,dart-core,1
python-uritools,elixir-ex_url,1
python-uritools,elixir-uri,1
python-uritools,erlang-hackney-url,1
python-uritools,erlang-ibrowse-lib,1
python-uritools,erlang-uri-string,1
python-uritools,go-net,1
python-uritools,haskell-http-client,1
python-uritools,haskell-http-conduit,1
python-uritools,haskell-modern-uri,1
python-uritools,haskell-network-uri,1
python-uritools,haskell-uri-bytestring,1
python-uritools,java-apache-httpclient,1
python-uritools,java-galimatias,1
python-uritools,java-netty,1
python-uritools,java-okhttp,1
python-uritools,java-spring-web,1
python-uritools,java-uri,1
python-uritools,java-url,1
python-uritools,javascript-deno,1
python-uritools,javascript-domurl,1
python-uritools,javascript-fast-uri,1
python-uritools,javascript-fast-url-parser,1
python-uritools,javascript-jsuri,1
python-uritools,javascript-legacy,1
python-uritools,javascript-parse-uri,1
python-uritools,javascript-parse-url,1
python-uritools,javascript-parseuri,1
python-uritools,javascript-smithy,1
python-uritools,javascript-uri-js,1
python-uritools,javascript-uri-parser,1
python-uritools,javascript-urijs,1
python-uritools,javascript-url-parse,1
python-uritools,javascript-url-toolkit,1
python-uritools,javascript-whatwg,1
python-uritools,perl-mojo-url,1
python-uritools,perl-uri,1
python-uritools,php-amphp-uri,1
python-uritools,php-guzzle-psr7,1
python-uritools,php-laminas,1
python-uritools,php-league,1
python-uritools,php-ml-iri,1
python-uritools,php-nette-http,1
python-uritools,php-opis-uri,1
python-uritools,php-parseurl,1
python-uritools,php-pear-net-url2,1
python-uritools,php-phrity-net-uri,1
python-uritools,php-sabre,1
python-uritools,php-spatie,1
python-uritools,python-ada-url,1
python-uritools,python-furl,1
python-uritools,python-httpx,1
python-uritools,python-hyperlink,1
python-uritools,python-lazr-uri,1
python-uritools,python-mdurl,1
python-uritools,python-purl,1
python-uritools,python-rfc3986,1
python-uritools,python-urllib3,1
python-uritools,python-yarl,1
python-uritools,r-httr2,1
python-uritools,r-urlparse,1
python-uritools,r-urltools,1
python-uritools,ruby-addressable,1
python-uritools,ruby-uri,1
python-uritools,rust-fluent-uri,1
python-uritools,rust-hyper-uri,1
python-uritools,rust-iref,1
python-uritools,rust-reqwest,1
python-uritools,rust-uriparse,1
python-uritools,rust-url,1
python-uritools,rust-urlparse,1
python-uritools,swift-url,1
python-uritools,swift-urlcomponents,1
python-uritools,swift-weburl,1
python-uritools,zig-std-uri,1
python-urllib3,ada-uri-mime,1
python-urllib3,bin-aria2,1
python-urllib3,bin-trurl,1
python-urllib3,bin-wget,1
python-urllib3,clojure-uri,1
python-urllib3,cpp-ada-url,1
python-urllib3,cpp-boost-url,1
python-urllib3,cpp-guri,1
python-urllib3,cpp-http-parser,1
python-urllib3,cpp-libcurl,1
python-urllib3,cpp-poco-uri,1
python-urllib3,cpp-qurl-strict,1
python-urllib3,cpp-qurl-tolerant,1
python-urllib3,cpp-uriparser,1
python-urllib3,cpp-url-c-rfc,1
python-urllib3,cpp-url-c-whatwg,1
python-urllib3,crystal-uri,1
python-urllib3,csharp-anglesharp,1
python-urllib3,csharp-flurl,1
python-urllib3,csharp-systemuri,1
python-urllib3,dart-core,1
python-urllib3,elixir-ex_url,1
python-urllib3,elixir-uri,1
python-urllib3,erlang-hackney-url,1
python-urllib3,erlang-ibrowse-lib,1
python-urllib3,erlang-uri-string,1
python-urllib3,go-net,1
python-urllib3,haskell-http-client,1
python-urllib3,haskell-http-conduit,1
python-urllib3,haskell-modern-uri,1
python-urllib3,haskell-network-uri,1
python-urllib3,haskell-uri-bytestring,1
python-urllib3,java-apache-httpclient,1
python-urllib3,java-galimatias,1
python-urllib3,java-netty,1
python-urllib3,java-okhttp,1
python-urllib3,java-spring-web,1
python-urllib3,java-uri,1
python-urllib3,java-url,1
python-urllib3,javascript-deno,1
python-urllib3,javascript-domurl,1
python-urllib3,javascript-fast-uri,1
python-urllib3,javascript-fast-url-parser,1
python-urllib3,javascript-jsuri,1
python-urllib3,javascript-legacy,1
python-urllib3,javascript-parse-uri,1
python-urllib3,javascript-parse-url,1
python-urllib3,javascript-parseuri,1
python-urllib3,javascript-smithy,1
python-urllib3,javascript-uri-js,1
python-urllib3,javascript-uri-parser,1
python-urllib3,javascript-urijs,1
python-urllib3,javascript-url-parse,1
python-urllib3,javascript-url-toolkit,1
python-urllib3,javascript-whatwg,1
python-urllib3,perl-mojo-url,1
python-urllib3,perl-uri,1
python-urllib3,php-amphp-uri,1
python-urllib3,php-guzzle-psr7,1
python-urllib3,php-laminas,1
python-urllib3,php-league,1
python-urllib3,php-ml-iri,1
python-urllib3,php-nette-http,1
python-urllib3,php-opis-uri,1
python-urllib3,php-parseurl,1
python-urllib3,php-pear-net-url2,1
python-urllib3,php-phrity-net-uri,1
python-urllib3,php-sabre,1
python-urllib3,php-spatie,1
python-urllib3,python-ada-url,1
python-urllib3,python-furl,1
python-urllib3,python-httpx,1
python-urllib3,python-hyperlink,1
python-urllib3,python-lazr-uri,1
python-urllib3,python-mdurl,1
python-urllib3,python-purl,1
python-urllib3,python-rfc3986,1
python-urllib3,python-uritools,1
python-urllib3,python-yarl,1
python-urllib3,r-httr2,1
python-urllib3,r-urlparse,1
python-urllib3,r-urltools,1
python-urllib3,ruby-addressable,1
python-urllib3,ruby-uri,1
python-urllib3,rust-fluent-uri,1
python-urllib3,rust-hyper-uri,1
python-urllib3,rust-iref,1
python-urllib3,rust-reqwest,1
python-urllib3,rust-uriparse,1
python-urllib3,rust-url,1
python-urllib3,rust-urlparse,1
python-urllib3,swift-url,1
python-urllib3,swift-urlcomponents,1
python-urllib3,swift-weburl,1
python-urllib3,zig-std-uri,1
python-yarl,ada-uri-mime,1
python-yarl,bin-aria2,1
python-yarl,bin-trurl,1
python-yarl,bin-wget,1
python-yarl,clojure-uri,1
python-yarl,cpp-ada-url,1
python-yarl,cpp-boost-url,1
python-yarl,cpp-guri,1
python-yarl,cpp-http-parser,1
python-yarl,cpp-libcurl,1
python-yarl,cpp-poco-uri,1
python-yarl,cpp-qurl-strict,1
python-yarl,cpp-qurl-tolerant,1
python-yarl,cpp-uriparser,1
python-yarl,cpp-url-c-rfc,1
python-yarl,cpp-url-c-whatwg,1
python-yarl,crystal-uri,1
python-yarl,csharp-anglesharp,1
python-yarl,csharp-flurl,1
python-yarl,csharp-systemuri,1
python-yarl,dart-core,1
python-yarl,elixir-ex_url,1
python-yarl,elixir-uri,1
python-yarl,erlang-hackney-url,1
python-yarl,erlang-ibrowse-lib,1
python-yarl,erlang-uri-string,1
python-yarl,go-net,1
python-yarl,haskell-http-client,1
python-yarl,haskell-http-conduit,1
python-yarl,haskell-modern-uri,1
python-yarl,haskell-network-uri,1
python-yarl,haskell-uri-bytestring,1
python-yarl,java-apache-httpclient,1
python-yarl,java-galimatias,1
python-yarl,java-netty,1
python-yarl,java-okhttp,1
python-yarl,java-spring-web,1
python-yarl,java-uri,1
python-yarl,java-url,1
python-yarl,javascript-deno,1
python-yarl,javascript-domurl,1
python-yarl,javascript-fast-uri,1
python-yarl,javascript-fast-url-parser,1
python-yarl,javascript-jsuri,1
python-yarl,javascript-legacy,1
python-yarl,javascript-parse-uri,1
python-yarl,javascript-parse-url,1
python-yarl,javascript-parseuri,1
python-yarl,javascript-smithy,1
python-yarl,javascript-uri-js,1
python-yarl,javascript-uri-parser,1
python-yarl,javascript-urijs,1
python-yarl,javascript-url-parse,1
python-yarl,javascript-url-toolkit,1
python-yarl,javascript-whatwg,1
python-yarl,perl-mojo-url,1
python-yarl,perl-uri,1
python-yarl,php-amphp-uri,1
python-yarl,php-guzzle-psr7,1
python-yarl,php-laminas,1
python-yarl,php-league,1
python-yarl,php-ml-iri,1
python-yarl,php-nette-http,1
python-yarl,php-opis-uri,1
python-yarl,php-parseurl,1
python-yarl,php-pear-net-url2,1
python-yarl,php-phrity-net-uri,1
python-yarl,php-sabre,1
python-yarl,php-spatie,1
python-yarl,python-ada-url,1
python-yarl,python-furl,1
python-yarl,python-httpx,1
python-yarl,python-hyperlink,1
python-yarl,python-lazr-uri,1
python-yarl,python-mdurl,1
python-yarl,python-purl,1
python-yarl,python-rfc3986,1
python-yarl,python-uritools,1
python-yarl,python-urllib3,1
python-yarl,r-httr2,1
python-yarl,r-urlparse,1
python-yarl,r-urltools,1
python-yarl,ruby-addressable,1
python-yarl,ruby-uri,1
python-yarl,rust-fluent-uri,1
python-yarl,rust-hyper-uri,1
python-yarl,rust-iref,1
python-yarl,rust-reqwest,1
python-yarl,rust-uriparse,1
python-yarl,rust-url,1
python-yarl,rust-urlparse,1
python-yarl,swift-url,1
python-yarl,swift-urlcomponents,1
python-yarl,swift-weburl,1
python-yarl,zig-std-uri,1
r-httr2,ada-uri-mime,1
r-httr2,bin-aria2,1
r-httr2,bin-trurl,1
r-httr2,bin-wget,1
r-httr2,clojure-uri,1
r-httr2,cpp-ada-url,1
r-httr2,cpp-boost-url,1
r-httr2,cpp-guri,1
r-httr2,cpp-http-parser,1
r-httr2,cpp-libcurl,1
r-httr2,cpp-poco-uri,1
r-httr2,cpp-qurl-strict,1
r-httr2,cpp-qurl-tolerant,1
r-httr2,cpp-uriparser,1
r-httr2,cpp-url-c-rfc,1
r-httr2,cpp-url-c-whatwg,1
r-httr2,crystal-uri,1
r-httr2,csharp-anglesharp,1
r-httr2,csharp-flurl,1
r-httr2,csharp-systemuri,1
r-httr2,dart-core,1
r-httr2,elixir-ex_url,1
r-httr2,elixir-uri,1
r-httr2,erlang-hackney-url,1
r-httr2,erlang-ibrowse-lib,1
r-httr2,erlang-uri-string,1
r-httr2,go-net,1
r-httr2,haskell-http-client,1
r-httr2,haskell-http-conduit,1
r-httr2,haskell-modern-uri,1
r-httr2,haskell-network-uri,1
r-httr2,haskell-uri-bytestring,1
r-httr2,java-apache-httpclient,1
r-httr2,java-galimatias,1
r-httr2,java-netty,1
r-httr2,java-okhttp,1
r-httr2,java-spring-web,1
r-httr2,java-uri,1
r-httr2,java-url,1
r-httr2,javascript-deno,1
r-httr2,javascript-domurl,1
r-httr2,javascript-fast-uri,1
r-httr2,javascript-fast-url-parser,1
r-httr2,javascript-jsuri,1
r-httr2,javascript-legacy,1
r-httr2,javascript-parse-uri,1
r-httr2,javascript-parse-url,1
r-httr2,javascript-parseuri,1
r-httr2,javascript-smithy,1
r-httr2,javascript-uri-js,1
r-httr2,javascript-uri-parser,1
r-httr2,javascript-urijs,1
r-httr2,javascript-url-parse,1
r-httr2,javascript-url-toolkit,1
r-httr2,javascript-whatwg,1
r-httr2,perl-mojo-url,1
r-httr2,perl-uri,1
r-httr2,php-amphp-uri,1
r-httr2,php-guzzle-psr7,1
r-httr2,php-laminas,1
r-httr2,php-league,1
r-httr2,php-ml-iri,1
r-httr2,php-nette-http,1
r-httr2,php-opis-uri,1
r-httr2,php-parseurl,1
r-httr2,php-pear-net-url2,1
r-httr2,php-phrity-net-uri,1
r-httr2,php-sabre,1
r-httr2,php-spatie,1
r-httr2,python-ada-url,1
r-httr2,python-furl,1
r-httr2,python-httpx,1
r-httr2,python-hyperlink,1
r-httr2,python-lazr-uri,1
r-httr2,python-mdurl,1
r-httr2,python-purl,1
r-httr2,python-rfc3986,1
r-httr2,python-uritools,1
r-httr2,python-urllib3,1
r-httr2,python-yarl,1
r-httr2,r-urlparse,1
r-httr2,r-urltools,1
r-httr2,ruby-addressable,1
r-httr2,ruby-uri,1
r-httr2,rust-fluent-uri,1
r-httr2,rust-hyper-uri,1
r-httr2,rust-iref,1
r-httr2,rust-reqwest,1
r-httr2,rust-uriparse,1
r-httr2,rust-url,1
r-httr2,rust-urlparse,1
r-httr2,swift-url,1
r-httr2,swift-urlcomponents,1
r-httr2,swift-weburl,1
r-httr2,zig-std-uri,1
r-urlparse,ada-uri-mime,1
r-urlparse,bin-aria2,1
r-urlparse,bin-trurl,1
r-urlparse,bin-wget,1
r-urlparse,clojure-uri,1
r-urlparse,cpp-ada-url,1
r-urlparse,cpp-boost-url,1
r-urlparse,cpp-guri,1
r-urlparse,cpp-http-parser,1
r-urlparse,cpp-libcurl,1
r-urlparse,cpp-poco-uri,1
r-urlparse,cpp-qurl-strict,1
r-urlparse,cpp-qurl-tolerant,1
r-urlparse,cpp-uriparser,1
r-urlparse,cpp-url-c-rfc,1
r-urlparse,cpp-url-c-whatwg,1
r-urlparse,crystal-uri,1
r-urlparse,csharp-anglesharp,1
r-urlparse,csharp-flurl,1
r-urlparse,csharp-systemuri,1
r-urlparse,dart-core,1
r-urlparse,elixir-ex_url,1
r-urlparse,elixir-uri,1
r-urlparse,erlang-hackney-url,1
r-urlparse,erlang-ibrowse-lib,1
r-urlparse,erlang-uri-string,1
r-urlparse,go-net,1
r-urlparse,haskell-http-client,1
r-urlparse,haskell-http-conduit,1
r-urlparse,haskell-modern-uri,1
r-urlparse,haskell-network-uri,1
r-urlparse,haskell-uri-bytestring,1
r-urlparse,java-apache-httpclient,1
r-urlparse,java-galimatias,1
r-urlparse,java-netty,1
r-urlparse,java-okhttp,1
r-urlparse,java-spring-web,1
r-urlparse,java-uri,1
r-urlparse,java-url,1
r-urlparse,javascript-deno,1
r-urlparse,javascript-domurl,1
r-urlparse,javascript-fast-uri,1
r-urlparse,javascript-fast-url-parser,1
r-urlparse,javascript-jsuri,1
r-urlparse,javascript-legacy,1
r-urlparse,javascript-parse-uri,1
r-urlparse,javascript-parse-url,1
r-urlparse,javascript-parseuri,1
r-urlparse,javascript-smithy,1
r-urlparse,javascript-uri-js,1
r-urlparse,javascript-uri-parser,1
r-urlparse,javascript-urijs,1
r-urlparse,javascript-url-parse,1
r-urlparse,javascript-url-toolkit,1
r-urlparse,javascript-whatwg,1
r-urlparse,perl-mojo-url,1
r-urlparse,perl-uri,1
r-urlparse,php-amphp-uri,1
r-urlparse,php-guzzle-psr7,1
r-urlparse,php-laminas,1
r-urlparse,php-league,1
r-urlparse,php-ml-iri,1
r-urlparse,php-nette-http,1
r-urlparse,php-opis-uri,1
r-urlparse,php-parseurl,1
r-urlparse,php-pear-net-url2,1
r-urlparse,php-phrity-net-uri,1
r-urlparse,php-sabre,1
r-urlparse,php-spatie,1
r-urlparse,python-ada-url,1
r-urlparse,python-furl,1
r-urlparse,python-httpx,1
r-urlparse,python-hyperlink,1
r-urlparse,python-lazr-uri,1
r-urlparse,python-mdurl,1
r-urlparse,python-purl,1
r-urlparse,python-rfc3986,1
r-urlparse,python-uritools,1
r-urlparse,python-urllib3,1
r-urlparse,python-yarl,1
r-urlparse,r-httr2,1
r-urlparse,r-urltools,1
r-urlparse,ruby-addressable,1
r-urlparse,ruby-uri,1
r-urlparse,rust-fluent-uri,1
r-urlparse,rust-hyper-uri,1
r-urlparse,rust-iref,1
r-urlparse,rust-reqwest,1
r-urlparse,rust-uriparse,1
r-urlparse,rust-url,1
r-urlparse,rust-urlparse,1
r-urlparse,swift-url,1
r-urlparse,swift-urlcomponents,1
r-urlparse,swift-weburl,1
r-urlparse,zig-std-uri,1
r-urltools,ada-uri-mime,1
r-urltools,bin-aria2,1
r-urltools,bin-trurl,0
r-urltools,bin-wget,1
r-urltools,clojure-uri,1
r-urltools,cpp-ada-url,1
r-urltools,cpp-boost-url,1
r-urltools,cpp-guri,1
r-urltools,cpp-http-parser,1
r-urltools,cpp-libcurl,1
r-urltools,cpp-poco-uri,1
r-urltools,cpp-qurl-strict,1
r-urltools,cpp-qurl-tolerant,0
r-urltools,cpp-uriparser,1
r-urltools,cpp-url-c-rfc,1
r-urltools,cpp-url-c-whatwg,1
r-urltools,crystal-uri,1
r-urltools,csharp-anglesharp,1
r-urltools,csharp-flurl,1
r-urltools,csharp-systemuri,1
r-urltools,dart-core,1
r-urltools,elixir-ex_url,1
r-urltools,elixir-uri,1
r-urltools,erlang-hackney-url,1
r-urltools,erlang-ibrowse-lib,1
r-urltools,erlang-uri-string,1
r-urltools,go-net,1
r-urltools,haskell-http-client,1
r-urltools,haskell-http-conduit,1
r-urltools,haskell-modern-uri,1
r-urltools,haskell-network-uri,1
r-urltools,haskell-uri-bytestring,1
r-urltools,java-apache-httpclient,1
r-urltools,java-galimatias,1
r-urltools,java-netty,1
r-urltools,java-okhttp,1
r-urltools,java-spring-web,1
r-urltools,java-uri,1
r-urltools,java-url,1
r-urltools,javascript-deno,1
r-urltools,javascript-domurl,1
r-urltools,javascript-fast-uri,1
r-urltools,javascript-fast-url-parser,1
r-urltools,javascript-jsuri,1
r-urltools,javascript-legacy,1
r-urltools,javascript-parse-uri,0
r-urltools,javascript-parse-url,1
r-urltools,javascript-parseuri,0
r-urltools,javascript-smithy,1
r-urltools,javascript-uri-js,0
r-urltools,javascript-uri-parser,0
r-urltools,javascript-urijs,1
r-urltools,javascript-url-parse,1
r-urltools,javascript-url-toolkit,0
r-urltools,javascript-whatwg,1
r-urltools,perl-mojo-url,1
r-urltools,perl-uri,1
r-urltools,php-amphp-uri,1
r-urltools,php-guzzle-psr7,1
r-urltools,php-laminas,1
r-urltools,php-league,1
r-urltools,php-ml-iri,0
r-urltools,php-nette-http,1
r-urltools,php-opis-uri,1
r-urltools,php-parseurl,1
r-urltools,php-pear-net-url2,0
r-urltools,php-phrity-net-uri,1
r-urltools,php-sabre,1
r-urltools,php-spatie,1
r-urltools,python-ada-url,1
r-urltools,python-furl,1
r-urltools,python-httpx,1
r-urltools,python-hyperlink,1
r-urltools,python-lazr-uri,1
r-urltools,python-mdurl,0
r-urltools,python-purl,1
r-urltools,python-rfc3986,1
r-urltools,python-uritools,1
r-urltools,python-urllib3,1
r-urltools,python-yarl,1
r-urltools,r-httr2,1
r-urltools,r-urlparse,1
r-urltools,ruby-addressable,1
r-urltools,ruby-uri,1
r-urltools,rust-fluent-uri,1
r-urltools,rust-hyper-uri,1
r-urltools,rust-iref,1
r-urltools,rust-reqwest,1
r-urltools,rust-uriparse,1
r-urltools,rust-url,1
r-urltools,rust-urlparse,0
r-urltools,swift-url,1
r-urltools,swift-urlcomponents,1
r-urltools,swift-weburl,1
r-urltools,zig-std-uri,1
ruby-addressable,ada-uri-mime,1
ruby-addressable,bin-aria2,1
ruby-addressable,bin-trurl,1
ruby-addressable,bin-wget,1
ruby-addressable,clojure-uri,1
ruby-addressable,cpp-ada-url,1
ruby-addressable,cpp-boost-url,1
ruby-addressable,cpp-guri,1
ruby-addressable,cpp-http-parser,1
ruby-addressable,cpp-libcurl,1
ruby-addressable,cpp-poco-uri,1
ruby-addressable,cpp-qurl-strict,1
ruby-addressable,cpp-qurl-tolerant,1
ruby-addressable,cpp-uriparser,1
ruby-addressable,cpp-url-c-rfc,1
ruby-addressable,cpp-url-c-whatwg,1
ruby-addressable,crystal-uri,1
ruby-addressable,csharp-anglesharp,1
ruby-addressable,csharp-flurl,1
ruby-addressable,csharp-systemuri,1
ruby-addressable,dart-core,1
ruby-addressable,elixir-ex_url,1
ruby-addressable,elixir-uri,1
ruby-addressable,erlang-hackney-url,1
ruby-addressable,erlang-ibrowse-lib,1
ruby-addressable,erlang-uri-string,1
ruby-addressable,go-net,1
ruby-addressable,haskell-http-client,1
ruby-addressable,haskell-http-conduit,1
ruby-addressable,haskell-modern-uri,1
ruby-addressable,haskell-network-uri,1
ruby-addressable,haskell-uri-bytestring,1
ruby-addressable,java-apache-httpclient,1
ruby-addressable,java-galimatias,1
ruby-addressable,java-netty,1
ruby-addressable,java-okhttp,1
ruby-addressable,java-spring-web,1
ruby-addressable,java-uri,1
ruby-addressable,java-url,1
ruby-addressable,javascript-deno,1
ruby-addressable,javascript-domurl,1
ruby-addressable,javascript-fast-uri,1
ruby-addressable,javascript-fast-url-parser,1
ruby-addressable,javascript-jsuri,1
ruby-addressable,javascript-legacy,1
ruby-addressable,javascript-parse-uri,1
ruby-addressable,javascript-parse-url,1
ruby-addressable,javascript-parseuri,1
ruby-addressable,javascript-smithy,1
ruby-addressable,javascript-uri-js,1
ruby-addressable,javascript-uri-parser,1
ruby-addressable,javascript-urijs,1
ruby-addressable,javascript-url-parse,1
ruby-addressable,javascript-url-toolkit,1
ruby-addressable,javascript-whatwg,1
ruby-addressable,perl-mojo-url,1
ruby-addressable,perl-uri,1
ruby-addressable,php-amphp-uri,1
ruby-addressable,php-guzzle-psr7,1
ruby-addressable,php-laminas,1
ruby-addressable,php-league,1
ruby-addressable,php-ml-iri,1
ruby-addressable,php-nette-http,1
ruby-addressable,php-opis-uri,1
ruby-addressable,php-parseurl,1
ruby-addressable,php-pear-net-url2,1
ruby-addressable,php-phrity-net-uri,1
ruby-addressable,php-sabre,1
ruby-addressable,php-spatie,1
ruby-addressable,python-ada-url,1
ruby-addressable,python-furl,1
ruby-addressable,python-httpx,1
ruby-addressable,python-hyperlink,1
ruby-addressable,python-lazr-uri,1
ruby-addressable,python-mdurl,1
ruby-addressable,python-purl,1
ruby-addressable,python-rfc3986,1
ruby-addressable,python-uritools,1
ruby-addressable,python-urllib3,1
ruby-addressable,python-yarl,1
ruby-addressable,r-httr2,1
ruby-addressable,r-urlparse,1
ruby-addressable,r-urltools,1
ruby-addressable,ruby-uri,1
ruby-addressable,rust-fluent-uri,1
ruby-addressable,rust-hyper-uri,1
ruby-addressable,rust-iref,1
ruby-addressable,rust-reqwest,1
ruby-addressable,rust-uriparse,1
ruby-addressable,rust-url,1
ruby-addressable,rust-urlparse,1
ruby-addressable,swift-url,1
ruby-addressable,swift-urlcomponents,1
ruby-addressable,swift-weburl,1
ruby-addressable,zig-std-uri,1
ruby-uri,ada-uri-mime,1
ruby-uri,bin-aria2,1
ruby-uri,bin-trurl,1
ruby-uri,bin-wget,1
ruby-uri,clojure-uri,1
ruby-uri,cpp-ada-url,1
ruby-uri,cpp-boost-url,1
ruby-uri,cpp-guri,1
ruby-uri,cpp-http-parser,1
ruby-uri,cpp-libcurl,1
ruby-uri,cpp-poco-uri,1
ruby-uri,cpp-qurl-strict,1
ruby-uri,cpp-qurl-tolerant,1
ruby-uri,cpp-uriparser,1
ruby-uri,cpp-url-c-rfc,1
ruby-uri,cpp-url-c-whatwg,1
ruby-uri,crystal-uri,1
ruby-uri,csharp-anglesharp,1
ruby-uri,csharp-flurl,1
ruby-uri,csharp-systemuri,1
ruby-uri,dart-core,1
ruby-uri,elixir-ex_url,1
ruby-uri,elixir-uri,1
ruby-uri,erlang-hackney-url,1
ruby-uri,erlang-ibrowse-lib,1
ruby-uri,erlang-uri-string,1
ruby-uri,go-net,1
ruby-uri,haskell-http-client,1
ruby-uri,haskell-http-conduit,1
ruby-uri,haskell-modern-uri,1
ruby-uri,haskell-network-uri,1
ruby-uri,haskell-uri-bytestring,1
ruby-uri,java-apache-httpclient,1
ruby-uri,java-galimatias,1
ruby-uri,java-netty,1
ruby-uri,java-okhttp,1
ruby-uri,java-spring-web,1
ruby-uri,java-uri,1
ruby-uri,java-url,1
ruby-uri,javascript-deno,1
ruby-uri,javascript-domurl,1
ruby-uri,javascript-fast-uri,1
ruby-uri,javascript-fast-url-parser,1
ruby-uri,javascript-jsuri,1
ruby-uri,javascript-legacy,1
ruby-uri,javascript-parse-uri,1
ruby-uri,javascript-parse-url,1
ruby-uri,javascript-parseuri,1
ruby-uri,javascript-smithy,1
ruby-uri,javascript-uri-js,1
ruby-uri,javascript-uri-parser,1
ruby-uri,javascript-urijs,1
ruby-uri,javascript-url-parse,1
ruby-uri,javascript-url-toolkit,1
ruby-uri,javascript-whatwg,1
ruby-uri,perl-mojo-url,1
ruby-uri,perl-uri,1
ruby-uri,php-amphp-uri,1
ruby-uri,php-guzzle-psr7,1
ruby-uri,php-laminas,1
ruby-uri,php-league,1
ruby-uri,php-ml-iri,1
ruby-uri,php-nette-http,1
ruby-uri,php-opis-uri,1
ruby-uri,php-parseurl,1
ruby-uri,php-pear-net-url2,1
ruby-uri,php-phrity-net-uri,1
ruby-uri,php-sabre,1
ruby-uri,php-spatie,1
ruby-uri,python-ada-url,1
ruby-uri,python-furl,1
ruby-uri,python-httpx,1
ruby-uri,python-hyperlink,1
ruby-uri,python-lazr-uri,1
ruby-uri,python-mdurl,1
ruby-uri,python-purl,1
ruby-uri,python-rfc3986,1
ruby-uri,python-uritools,1
ruby-uri,python-urllib3,1
ruby-uri,python-yarl,1
ruby-uri,r-httr2,1
ruby-uri,r-urlparse,1
ruby-uri,r-urltools,1
ruby-uri,ruby-addressable,1
ruby-uri,rust-fluent-uri,1
ruby-uri,rust-hyper-uri,1
ruby-uri,rust-iref,1
ruby-uri,rust-reqwest,1
ruby-uri,rust-uriparse,1
ruby-uri,rust-url,1
ruby-uri,rust-urlparse,1
ruby-uri,swift-url,1
ruby-uri,swift-urlcomponents,1
ruby-uri,swift-weburl,1
ruby-uri,zig-std-uri,1
rust-fluent-uri,ada-uri-mime,1
rust-fluent-uri,bin-aria2,1
rust-fluent-uri,bin-trurl,1
rust-fluent-uri,bin-wget,1
rust-fluent-uri,clojure-uri,1
rust-fluent-uri,cpp-ada-url,1
rust-fluent-uri,cpp-boost-url,1
rust-fluent-uri,cpp-guri,1
rust-fluent-uri,cpp-http-parser,1
rust-fluent-uri,cpp-libcurl,1
rust-fluent-uri,cpp-poco-uri,1
rust-fluent-uri,cpp-qurl-strict,1
rust-fluent-uri,cpp-qurl-tolerant,1
rust-fluent-uri,cpp-uriparser,1
rust-fluent-uri,cpp-url-c-rfc,1
rust-fluent-uri,cpp-url-c-whatwg,1
rust-fluent-uri,crystal-uri,1
rust-fluent-uri,csharp-anglesharp,1
rust-fluent-uri,csharp-flurl,1
rust-fluent-uri,csharp-systemuri,1
rust-fluent-uri,dart-core,1
rust-fluent-uri,elixir-ex_url,1
rust-fluent-uri,elixir-uri,1
rust-fluent-uri,erlang-hackney-url,1
rust-fluent-uri,erlang-ibrowse-lib,1
rust-fluent-uri,erlang-uri-string,1
rust-fluent-uri,go-net,1
rust-fluent-uri,haskell-http-client,1
rust-fluent-uri,haskell-http-conduit,1
rust-fluent-uri,haskell-modern-uri,1
rust-fluent-uri,haskell-network-uri,0
rust-fluent-uri,haskell-uri-bytestring,1
rust-fluent-uri,java-apache-httpclient,1
rust-fluent-uri,java-galimatias,1
rust-fluent-uri,java-netty,1
rust-fluent-uri,java-okhttp,1
rust-fluent-uri,java-spring-web,1
rust-fluent-uri,java-uri,1
rust-fluent-uri,java-url,1
rust-fluent-uri,javascript-deno,1
rust-fluent-uri,javascript-domurl,1
rust-fluent-uri,javascript-fast-uri,1
rust-fluent-uri,javascript-fast-url-parser,1
rust-fluent-uri,javascript-jsuri,1
rust-fluent-uri,javascript-legacy,1
rust-fluent-uri,javascript-parse-uri,1
rust-fluent-uri,javascript-parse-url,1
rust-fluent-uri,javascript-parseuri,1
rust-fluent-uri,javascript-smithy,1
rust-fluent-uri,javascript-uri-js,1
rust-fluent-uri,javascript-uri-parser,1
rust-fluent-uri,javascript-urijs,1
rust-fluent-uri,javascript-url-parse,1
rust-fluent-uri,javascript-url-toolkit,1
rust-fluent-uri,javascript-whatwg,1
rust-fluent-uri,perl-mojo-url,1
rust-fluent-uri,perl-uri,1
rust-fluent-uri,php-amphp-uri,1
rust-fluent-uri,php-guzzle-psr7,1
rust-fluent-uri,php-laminas,1
rust-fluent-uri,php-league,1
rust-fluent-uri,php-ml-iri,1
rust-fluent-uri,php-nette-http,1
rust-fluent-uri,php-opis-uri,1
rust-fluent-uri,php-parseurl,1
rust-fluent-uri,php-pear-net-url2,1
rust-fluent-uri,php-phrity-net-uri,1
rust-fluent-uri,php-sabre,1
rust-fluent-uri,php-spatie,1
rust-fluent-uri,python-ada-url,1
rust-fluent-uri,python-furl,1
rust-fluent-uri,python-httpx,1
rust-fluent-uri,python-hyperlink,1
rust-fluent-uri,python-lazr-uri,1
rust-fluent-uri,python-mdurl,1
rust-fluent-uri,python-purl,1
rust-fluent-uri,python-rfc3986,1
rust-fluent-uri,python-uritools,1
rust-fluent-uri,python-urllib3,1
rust-fluent-uri,python-yarl,1
rust-fluent-uri,r-httr2,1
rust-fluent-uri,r-urlparse,1
rust-fluent-uri,r-urltools,1
rust-fluent-uri,ruby-addressable,1
rust-fluent-uri,ruby-uri,1
rust-fluent-uri,rust-hyper-uri,1
rust-fluent-uri,rust-iref,1
rust-fluent-uri,rust-reqwest,1
rust-fluent-uri,rust-uriparse,1
rust-fluent-uri,rust-url,1
rust-fluent-uri,rust-urlparse,1
rust-fluent-uri,swift-url,1
rust-fluent-uri,swift-urlcomponents,1
rust-fluent-uri,swift-weburl,1
rust-fluent-uri,zig-std-uri,1
rust-hyper-uri,ada-uri-mime,1
rust-hyper-uri,bin-aria2,1
rust-hyper-uri,bin-trurl,1
rust-hyper-uri,bin-wget,1
rust-hyper-uri,clojure-uri,1
rust-hyper-uri,cpp-ada-url,1
rust-hyper-uri,cpp-boost-url,1
rust-hyper-uri,cpp-guri,1
rust-hyper-uri,cpp-http-parser,1
rust-hyper-uri,cpp-libcurl,1
rust-hyper-uri,cpp-poco-uri,1
rust-hyper-uri,cpp-qurl-strict,1
rust-hyper-uri,cpp-qurl-tolerant,1
rust-hyper-uri,cpp-uriparser,1
rust-hyper-uri,cpp-url-c-rfc,1
rust-hyper-uri,cpp-url-c-whatwg,1
rust-hyper-uri,crystal-uri,1
rust-hyper-uri,csharp-anglesharp,1
rust-hyper-uri,csharp-flurl,1
rust-hyper-uri,csharp-systemuri,1
rust-hyper-uri,dart-core,1
rust-hyper-uri,elixir-ex_url,1
rust-hyper-uri,elixir-uri,1
rust-hyper-uri,erlang-hackney-url,1
rust-hyper-uri,erlang-ibrowse-lib,1
rust-hyper-uri,erlang-uri-string,1
rust-hyper-uri,go-net,1
rust-hyper-uri,haskell-http-client,1
rust-hyper-uri,haskell-http-conduit,1
rust-hyper-uri,haskell-modern-uri,1
rust-hyper-uri,haskell-network-uri,1
rust-hyper-uri,haskell-uri-bytestring,1
rust-hyper-uri,java-apache-httpclient,1
rust-hyper-uri,java-galimatias,1
rust-hyper-uri,java-netty,1
rust-hyper-uri,java-okhttp,1
rust-hyper-uri,java-spring-web,1
rust-hyper-uri,java-uri,1
rust-hyper-uri,java-url,1
rust-hyper-uri,javascript-deno,1
rust-hyper-uri,javascript-domurl,1
rust-hyper-uri,javascript-fast-uri,1
rust-hyper-uri,javascript-fast-url-parser,1
rust-hyper-uri,javascript-jsuri,1
rust-hyper-uri,javascript-legacy,1
rust-hyper-uri,javascript-parse-uri,1
rust-hyper-uri,javascript-parse-url,1
rust-hyper-uri,javascript-parseuri,1
rust-hyper-uri,javascript-smithy,1
rust-hyper-uri,javascript-uri-js,1
rust-hyper-uri,javascript-uri-parser,1
rust-hyper-uri,javascript-urijs,1
rust-hyper-uri,javascript-url-parse,1
rust-hyper-uri,javascript-url-toolkit,1
rust-hyper-uri,javascript-whatwg,1
rust-hyper-uri,perl-mojo-url,1
rust-hyper-uri,perl-uri,1
rust-hyper-uri,php-amphp-uri,1
rust-hyper-uri,php-guzzle-psr7,1
rust-hyper-uri,php-laminas,1
rust-hyper-uri,php-league,1
rust-hyper-uri,php-ml-iri,1
rust-hyper-uri,php-nette-http,1
rust-hyper-uri,php-opis-uri,1
rust-hyper-uri,php-parseurl,1
rust-hyper-uri,php-pear-net-url2,1
rust-hyper-uri,php-phrity-net-uri,1
rust-hyper-uri,php-sabre,1
rust-hyper-uri,php-spatie,1
rust-hyper-uri,python-ada-url,1
rust-hyper-uri,python-furl,1
rust-hyper-uri,python-httpx,1
rust-hyper-uri,python-hyperlink,1
rust-hyper-uri,python-lazr-uri,1
rust-hyper-uri,python-mdurl,1
rust-hyper-uri,python-purl,1
rust-hyper-uri,python-rfc3986,1
rust-hyper-uri,python-uritools,1
rust-hyper-uri,python-urllib3,1
rust-hyper-uri,python-yarl,1
rust-hyper-uri,r-httr2,1
rust-hyper-uri,r-urlparse,1
rust-hyper-uri,r-urltools,1
rust-hyper-uri,ruby-addressable,1
rust-hyper-uri,ruby-uri,1
rust-hyper-uri,rust-fluent-uri,1
rust-hyper-uri,rust-iref,1
rust-hyper-uri,rust-reqwest,1
rust-hyper-uri,rust-uriparse,1
rust-hyper-uri,rust-url,1
rust-hyper-uri,rust-urlparse,1
rust-hyper-uri,swift-url,1
rust-hyper-uri,swift-urlcomponents,1
rust-hyper-uri,swift-weburl,1
rust-hyper-uri,zig-std-uri,1
rust-iref,ada-uri-mime,1
rust-iref,bin-aria2,1
rust-iref,bin-trurl,1
rust-iref,bin-wget,1
rust-iref,clojure-uri,1
rust-iref,cpp-ada-url,1
rust-iref,cpp-boost-url,1
rust-iref,cpp-guri,1
rust-iref,cpp-http-parser,1
rust-iref,cpp-libcurl,1
rust-iref,cpp-poco-uri,1
rust-iref,cpp-qurl-strict,1
rust-iref,cpp-qurl-tolerant,1
rust-iref,cpp-uriparser,1
rust-iref,cpp-url-c-rfc,1
rust-iref,cpp-url-c-whatwg,1
rust-iref,crystal-uri,1
rust-iref,csharp-anglesharp,1
rust-iref,csharp-flurl,1
rust-iref,csharp-systemuri,1
rust-iref,dart-core,1
rust-iref,elixir-ex_url,1
rust-iref,elixir-uri,1
rust-iref,erlang-hackney-url,1
rust-iref,erlang-ibrowse-lib,1
rust-iref,erlang-uri-string,1
rust-iref,go-net,1
rust-iref,haskell-http-client,1
rust-iref,haskell-http-conduit,1
rust-iref,haskell-modern-uri,1
rust-iref,haskell-network-uri,1
rust-iref,haskell-uri-bytestring,1
rust-iref,java-apache-httpclient,1
rust-iref,java-galimatias,1
rust-iref,java-netty,1
rust-iref,java-okhttp,1
rust-iref,java-spring-web,1
rust-iref,java-uri,1
rust-iref,java-url,1
rust-iref,javascript-deno,1
rust-iref,javascript-domurl,1
rust-iref,javascript-fast-uri,1
rust-iref,javascript-fast-url-parser,1
rust-iref,javascript-jsuri,1
rust-iref,javascript-legacy,1
rust-iref,javascript-parse-uri,1
rust-iref,javascript-parse-url,1
rust-iref,javascript-parseuri,1
rust-iref,javascript-smithy,1
rust-iref,javascript-uri-js,1
rust-iref,javascript-uri-parser,1
rust-iref,javascript-urijs,1
rust-iref,javascript-url-parse,1
rust-iref,javascript-url-toolkit,1
rust-iref,javascript-whatwg,1
rust-iref,perl-mojo-url,1
rust-iref,perl-uri,1
rust-iref,php-amphp-uri,1
rust-iref,php-guzzle-psr7,1
rust-iref,php-laminas,1
rust-iref,php-league,1
rust-iref,php-ml-iri,1
rust-iref,php-nette-http,1
rust-iref,php-opis-uri,1
rust-iref,php-parseurl,1
rust-iref,php-pear-net-url2,1
rust-iref,php-phrity-net-uri,1
rust-iref,php-sabre,1
rust-iref,php-spatie,1
rust-iref,python-ada-url,1
rust-iref,python-furl,1
rust-iref,python-httpx,1
rust-iref,python-hyperlink,1
rust-iref,python-lazr-uri,1
rust-iref,python-mdurl,1
rust-iref,python-purl,1
rust-iref,python-rfc3986,1
rust-iref,python-uritools,1
rust-iref,python-urllib3,1
rust-iref,python-yarl,1
rust-iref,r-httr2,1
rust-iref,r-urlparse,1
rust-iref,r-urltools,1
rust-iref,ruby-addressable,1
rust-iref,ruby-uri,1
rust-iref,rust-fluent-uri,1
rust-iref,rust-hyper-uri,1
rust-iref,rust-reqwest,1
rust-iref,rust-uriparse,1
rust-iref,rust-url,1
rust-iref,rust-urlparse,1
rust-iref,swift-url,1
rust-iref,swift-urlcomponents,1
rust-iref,swift-weburl,1
rust-iref,zig-std-uri,1
rust-reqwest,ada-uri-mime,1
rust-reqwest,bin-aria2,1
rust-reqwest,bin-trurl,1
rust-reqwest,bin-wget,1
rust-reqwest,clojure-uri,1
rust-reqwest,cpp-ada-url,1
rust-reqwest,cpp-boost-url,1
rust-reqwest,cpp-guri,1
rust-reqwest,cpp-http-parser,1
rust-reqwest,cpp-libcurl,1
rust-reqwest,cpp-poco-uri,1
rust-reqwest,cpp-qurl-strict,1
rust-reqwest,cpp-qurl-tolerant,1
rust-reqwest,cpp-uriparser,1
rust-reqwest,cpp-url-c-rfc,1
rust-reqwest,cpp-url-c-whatwg,1
rust-reqwest,crystal-uri,1
rust-reqwest,csharp-anglesharp,1
rust-reqwest,csharp-flurl,1
rust-reqwest,csharp-systemuri,1
rust-reqwest,dart-core,1
rust-reqwest,elixir-ex_url,1
rust-reqwest,elixir-uri,1
rust-reqwest,erlang-hackney-url,1
rust-reqwest,erlang-ibrowse-lib,1
rust-reqwest,erlang-uri-string,1
rust-reqwest,go-net,1
rust-reqwest,haskell-http-client,1
rust-reqwest,haskell-http-conduit,1
rust-reqwest,haskell-modern-uri,1
rust-reqwest,haskell-network-uri,1
rust-reqwest,haskell-uri-bytestring,1
rust-reqwest,java-apache-httpclient,1
rust-reqwest,java-galimatias,1
rust-reqwest,java-netty,1
rust-reqwest,java-okhttp,1
rust-reqwest,java-spring-web,1
rust-reqwest,java-uri,1
rust-reqwest,java-url,1
rust-reqwest,javascript-deno,1
rust-reqwest,javascript-domurl,1
rust-reqwest,javascript-fast-uri,1
rust-reqwest,javascript-fast-url-parser,1
rust-reqwest,javascript-jsuri,1
rust-reqwest,javascript-legacy,1
rust-reqwest,javascript-parse-uri,1
rust-reqwest,javascript-parse-url,1
rust-reqwest,javascript-parseuri,1
rust-reqwest,javascript-smithy,1
rust-reqwest,javascript-uri-js,1
rust-reqwest,javascript-uri-parser,1
rust-reqwest,javascript-urijs,1
rust-reqwest,javascript-url-parse,1
rust-reqwest,javascript-url-toolkit,1
rust-reqwest,javascript-whatwg,1
rust-reqwest,perl-mojo-url,1
rust-reqwest,perl-uri,1
rust-reqwest,php-amphp-uri,1
rust-reqwest,php-guzzle-psr7,1
rust-reqwest,php-laminas,1
rust-reqwest,php-league,1
rust-reqwest,php-ml-iri,1
rust-reqwest,php-nette-http,1
rust-reqwest,php-opis-uri,1
rust-reqwest,php-parseurl,1
rust-reqwest,php-pear-net-url2,1
rust-reqwest,php-phrity-net-uri,1
rust-reqwest,php-sabre,1
rust-reqwest,php-spatie,1
rust-reqwest,python-ada-url,1
rust-reqwest,python-furl,1
rust-reqwest,python-httpx,1
rust-reqwest,python-hyperlink,1
rust-reqwest,python-lazr-uri,1
rust-reqwest,python-mdurl,1
rust-reqwest,python-purl,1
rust-reqwest,python-rfc3986,1
rust-reqwest,python-uritools,1
rust-reqwest,python-urllib3,1
rust-reqwest,python-yarl,1
rust-reqwest,r-httr2,1
rust-reqwest,r-urlparse,1
rust-reqwest,r-urltools,1
rust-reqwest,ruby-addressable,1
rust-reqwest,ruby-uri,1
rust-reqwest,rust-fluent-uri,1
rust-reqwest,rust-hyper-uri,1
rust-reqwest,rust-iref,1
rust-reqwest,rust-uriparse,1
rust-reqwest,rust-url,0
rust-reqwest,rust-urlparse,1
rust-reqwest,swift-url,1
rust-reqwest,swift-urlcomponents,1
rust-reqwest,swift-weburl,1
rust-reqwest,zig-std-uri,1
rust-uriparse,ada-uri-mime,1
rust-uriparse,bin-aria2,1
rust-uriparse,bin-trurl,1
rust-uriparse,bin-wget,1
rust-uriparse,clojure-uri,1
rust-uriparse,cpp-ada-url,1
rust-uriparse,cpp-boost-url,1
rust-uriparse,cpp-guri,1
rust-uriparse,cpp-http-parser,1
rust-uriparse,cpp-libcurl,1
rust-uriparse,cpp-poco-uri,1
rust-uriparse,cpp-qurl-strict,1
rust-uriparse,cpp-qurl-tolerant,1
rust-uriparse,cpp-uriparser,1
rust-uriparse,cpp-url-c-rfc,1
rust-uriparse,cpp-url-c-whatwg,1
rust-uriparse,crystal-uri,1
rust-uriparse,csharp-anglesharp,1
rust-uriparse,csharp-flurl,1
rust-uriparse,csharp-systemuri,1
rust-uriparse,dart-core,1
rust-uriparse,elixir-ex_url,1
rust-uriparse,elixir-uri,1
rust-uriparse,erlang-hackney-url,1
rust-uriparse,erlang-ibrowse-lib,1
rust-uriparse,erlang-uri-string,1
rust-uriparse,go-net,1
rust-uriparse,haskell-http-client,1
rust-uriparse,haskell-http-conduit,1
rust-uriparse,haskell-modern-uri,1
rust-uriparse,haskell-network-uri,1
rust-uriparse,haskell-uri-bytestring,1
rust-uriparse,java-apache-httpclient,1
rust-uriparse,java-galimatias,1
rust-uriparse,java-netty,1
rust-uriparse,java-okhttp,1
rust-uriparse,java-spring-web,1
rust-uriparse,java-uri,1
rust-uriparse,java-url,1
rust-uriparse,javascript-deno,1
rust-uriparse,javascript-domurl,1
rust-uriparse,javascript-fast-uri,1
rust-uriparse,javascript-fast-url-parser,1
rust-uriparse,javascript-jsuri,1
rust-uriparse,javascript-legacy,1
rust-uriparse,javascript-parse-uri,1
rust-uriparse,javascript-parse-url,1
rust-uriparse,javascript-parseuri,1
rust-uriparse,javascript-smithy,1
rust-uriparse,javascript-uri-js,1
rust-uriparse,javascript-uri-parser,1
rust-uriparse,javascript-urijs,1
rust-uriparse,javascript-url-parse,1
rust-uriparse,javascript-url-toolkit,1
rust-uriparse,javascript-whatwg,1
rust-uriparse,perl-mojo-url,1
rust-uriparse,perl-uri,1
rust-uriparse,php-amphp-uri,1
rust-uriparse,php-guzzle-psr7,1
rust-uriparse,php-laminas,1
rust-uriparse,php-league,1
rust-uriparse,php-ml-iri,1
rust-uriparse,php-nette-http,1
rust-uriparse,php-opis-uri,1
rust-uriparse,php-parseurl,1
rust-uriparse,php-pear-net-url2,1
rust-uriparse,php-phrity-net-uri,1
rust-uriparse,php-sabre,1
rust-uriparse,php-spatie,1
rust-uriparse,python-ada-url,1
rust-uriparse,python-furl,1
rust-uriparse,python-httpx,1
rust-uriparse,python-hyperlink,1
rust-uriparse,python-lazr-uri,1
rust-uriparse,python-mdurl,1
rust-uriparse,python-purl,1
rust-uriparse,python-rfc3986,1
rust-uriparse,python-uritools,1
rust-uriparse,python-urllib3,1
rust-uriparse,python-yarl,1
rust-uriparse,r-httr2,1
rust-uriparse,r-urlparse,1
rust-uriparse,r-urltools,1
rust-uriparse,ruby-addressable,1
rust-uriparse,ruby-uri,1
rust-uriparse,rust-fluent-uri,1
rust-uriparse,rust-hyper-uri,1
rust-uriparse,rust-iref,1
rust-uriparse,rust-reqwest,1
rust-uriparse,rust-url,1
rust-uriparse,rust-urlparse,1
rust-uriparse,swift-url,1
rust-uriparse,swift-urlcomponents,1
rust-uriparse,swift-weburl,1
rust-uriparse,zig-std-uri,1
rust-url,ada-uri-mime,1
rust-url,bin-aria2,1
rust-url,bin-trurl,1
rust-url,bin-wget,1
rust-url,clojure-uri,1
rust-url,cpp-ada-url,1
rust-url,cpp-boost-url,1
rust-url,cpp-guri,1
rust-url,cpp-http-parser,1
rust-url,cpp-libcurl,1
rust-url,cpp-poco-uri,1
rust-url,cpp-qurl-strict,1
rust-url,cpp-qurl-tolerant,1
rust-url,cpp-uriparser,1
rust-url,cpp-url-c-rfc,1
rust-url,cpp-url-c-whatwg,1
rust-url,crystal-uri,1
rust-url,csharp-anglesharp,1
rust-url,csharp-flurl,1
rust-url,csharp-systemuri,1
rust-url,dart-core,1
rust-url,elixir-ex_url,1
rust-url,elixir-uri,1
rust-url,erlang-hackney-url,1
rust-url,erlang-ibrowse-lib,1
rust-url,erlang-uri-string,1
rust-url,go-net,1
rust-url,haskell-http-client,1
rust-url,haskell-http-conduit,1
rust-url,haskell-modern-uri,1
rust-url,haskell-network-uri,1
rust-url,haskell-uri-bytestring,1
rust-url,java-apache-httpclient,1
rust-url,java-galimatias,1
rust-url,java-netty,1
rust-url,java-okhttp,1
rust-url,java-spring-web,1
rust-url,java-uri,1
rust-url,java-url,1
rust-url,javascript-deno,1
rust-url,javascript-domurl,1
rust-url,javascript-fast-uri,1
rust-url,javascript-fast-url-parser,1
rust-url,javascript-jsuri,1
rust-url,javascript-legacy,1
rust-url,javascript-parse-uri,1
rust-url,javascript-parse-url,1
rust-url,javascript-parseuri,1
rust-url,javascript-smithy,1
rust-url,javascript-uri-js,1
rust-url,javascript-uri-parser,1
rust-url,javascript-urijs,1
rust-url,javascript-url-parse,1
rust-url,javascript-url-toolkit,1
rust-url,javascript-whatwg,1
rust-url,perl-mojo-url,1
rust-url,perl-uri,1
rust-url,php-amphp-uri,1
rust-url,php-guzzle-psr7,1
rust-url,php-laminas,1
rust-url,php-league,1
rust-url,php-ml-iri,1
rust-url,php-nette-http,1
rust-url,php-opis-uri,1
rust-url,php-parseurl,1
rust-url,php-pear-net-url2,1
rust-url,php-phrity-net-uri,1
rust-url,php-sabre,1
rust-url,php-spatie,1
rust-url,python-ada-url,1
rust-url,python-furl,1
rust-url,python-httpx,1
rust-url,python-hyperlink,1
rust-url,python-lazr-uri,1
rust-url,python-mdurl,1
rust-url,python-purl,1
rust-url,python-rfc3986,1
rust-url,python-uritools,1
rust-url,python-urllib3,1
rust-url,python-yarl,1
rust-url,r-httr2,1
rust-url,r-urlparse,1
rust-url,r-urltools,1
rust-url,ruby-addressable,1
rust-url,ruby-uri,1
rust-url,rust-fluent-uri,1
rust-url,rust-hyper-uri,1
rust-url,rust-iref,1
rust-url,rust-reqwest,0
rust-url,rust-uriparse,1
rust-url,rust-urlparse,1
rust-url,swift-url,1
rust-url,swift-urlcomponents,1
rust-url,swift-weburl,1
rust-url,zig-std-uri,1
rust-urlparse,ada-uri-mime,1
rust-urlparse,bin-aria2,1
rust-urlparse,bin-trurl,0
rust-urlparse,bin-wget,1
rust-urlparse,clojure-uri,1
rust-urlparse,cpp-ada-url,1
rust-urlparse,cpp-boost-url,1
rust-urlparse,cpp-guri,1
rust-urlparse,cpp-http-parser,1
rust-urlparse,cpp-libcurl,1
rust-urlparse,cpp-poco-uri,1
rust-urlparse,cpp-qurl-strict,1
rust-urlparse,cpp-qurl-tolerant,0
rust-urlparse,cpp-uriparser,1
rust-urlparse,cpp-url-c-rfc,1
rust-urlparse,cpp-url-c-whatwg,1
rust-urlparse,crystal-uri,1
rust-urlparse,csharp-anglesharp,1
rust-urlparse,csharp-flurl,1
rust-urlparse,csharp-systemuri,1
rust-urlparse,dart-core,1
rust-urlparse,elixir-ex_url,1
rust-urlparse,elixir-uri,1
rust-urlparse,erlang-hackney-url,1
rust-urlparse,erlang-ibrowse-lib,1
rust-urlparse,erlang-uri-string,1
rust-urlparse,go-net,1
rust-urlparse,haskell-http-client,1
rust-urlparse,haskell-http-conduit,1
rust-urlparse,haskell-modern-uri,1
rust-urlparse,haskell-network-uri,1
rust-urlparse,haskell-uri-bytestring,1
rust-urlparse,java-apache-httpclient,1
rust-urlparse,java-galimatias,1
rust-urlparse,java-netty,1
rust-urlparse,java-okhttp,1
rust-urlparse,java-spring-web,1
rust-urlparse,java-uri,1
rust-urlparse,java-url,1
rust-urlparse,javascript-deno,1
rust-urlparse,javascript-domurl,1
rust-urlparse,javascript-fast-uri,1
rust-urlparse,javascript-fast-url-parser,1
rust-urlparse,javascript-jsuri,1
rust-urlparse,javascript-legacy,1
rust-urlparse,javascript-parse-uri,0
rust-urlparse,javascript-parse-url,1
rust-urlparse,javascript-parseuri,0
rust-urlparse,javascript-smithy,1
rust-urlparse,javascript-uri-js,0
rust-urlparse,javascript-uri-parser,0
rust-urlparse,javascript-urijs,1
rust-urlparse,javascript-url-parse,1
rust-urlparse,javascript-url-toolkit,0
rust-urlparse,javascript-whatwg,1
rust-urlparse,perl-mojo-url,1
rust-urlparse,perl-uri,1
rust-urlparse,php-amphp-uri,1
rust-urlparse,php-guzzle-psr7,1
rust-urlparse,php-laminas,1
rust-urlparse,php-league,1
rust-urlparse,php-ml-iri,0
rust-urlparse,php-nette-http,1
rust-urlparse,php-opis-uri,1
rust-urlparse,php-parseurl,1
rust-urlparse,php-pear-net-url2,0
rust-urlparse,php-phrity-net-uri,1
rust-urlparse,php-sabre,1
rust-urlparse,php-spatie,1
rust-urlparse,python-ada-url,1
rust-urlparse,python-furl,1
rust-urlparse,python-httpx,1
rust-urlparse,python-hyperlink,1
rust-urlparse,python-lazr-uri,1
rust-urlparse,python-mdurl,0
rust-urlparse,python-purl,1
rust-urlparse,python-rfc3986,1
rust-urlparse,python-uritools,1
rust-urlparse,python-urllib3,1
rust-urlparse,python-yarl,1
rust-urlparse,r-httr2,1
rust-urlparse,r-urlparse,1
rust-urlparse,r-urltools,0
rust-urlparse,ruby-addressable,1
rust-urlparse,ruby-uri,1
rust-urlparse,rust-fluent-uri,1
rust-urlparse,rust-hyper-uri,1
rust-urlparse,rust-iref,1
rust-urlparse,rust-reqwest,1
rust-urlparse,rust-uriparse,1
rust-urlparse,rust-url,1
rust-urlparse,swift-url,1
rust-urlparse,swift-urlcomponents,1
rust-urlparse,swift-weburl,1
rust-urlparse,zig-std-uri,1
swift-url,ada-uri-mime,1
swift-url,bin-aria2,1
swift-url,bin-trurl,1
swift-url,bin-wget,1
swift-url,clojure-uri,1
swift-url,cpp-ada-url,1
swift-url,cpp-boost-url,1
swift-url,cpp-guri,1
swift-url,cpp-http-parser,1
swift-url,cpp-libcurl,1
swift-url,cpp-poco-uri,1
swift-url,cpp-qurl-strict,1
swift-url,cpp-qurl-tolerant,1
swift-url,cpp-uriparser,1
swift-url,cpp-url-c-rfc,1
swift-url,cpp-url-c-whatwg,1
swift-url,crystal-uri,1
swift-url,csharp-anglesharp,1
swift-url,csharp-flurl,1
swift-url,csharp-systemuri,1
swift-url,dart-core,1
swift-url,elixir-ex_url,1
swift-url,elixir-uri,1
swift-url,erlang-hackney-url,1
swift-url,erlang-ibrowse-lib,1
swift-url,erlang-uri-string,1
swift-url,go-net,1
swift-url,haskell-http-client,1
swift-url,haskell-http-conduit,1
swift-url,haskell-modern-uri,1
swift-url,haskell-network-uri,1
swift-url,haskell-uri-bytestring,1
swift-url,java-apache-httpclient,1
swift-url,java-galimatias,1
swift-url,java-netty,1
swift-url,java-okhttp,1
swift-url,java-spring-web,1
swift-url,java-uri,1
swift-url,java-url,1
swift-url,javascript-deno,1
swift-url,javascript-domurl,1
swift-url,javascript-fast-uri,1
swift-url,javascript-fast-url-parser,1
swift-url,javascript-jsuri,1
swift-url,javascript-legacy,1
swift-url,javascript-parse-uri,1
swift-url,javascript-parse-url,1
swift-url,javascript-parseuri,1
swift-url,javascript-smithy,1
swift-url,javascript-uri-js,1
swift-url,javascript-uri-parser,1
swift-url,javascript-urijs,1
swift-url,javascript-url-parse,1
swift-url,javascript-url-toolkit,1
swift-url,javascript-whatwg,1
swift-url,perl-mojo-url,1
swift-url,perl-uri,1
swift-url,php-amphp-uri,1
swift-url,php-guzzle-psr7,1
swift-url,php-laminas,1
swift-url,php-league,1
swift-url,php-ml-iri,1
swift-url,php-nette-http,1
swift-url,php-opis-uri,1
swift-url,php-parseurl,1
swift-url,php-pear-net-url2,1
swift-url,php-phrity-net-uri,1
swift-url,php-sabre,1
swift-url,php-spatie,1
swift-url,python-ada-url,1
swift-url,python-furl,1
swift-url,python-httpx,1
swift-url,python-hyperlink,1
swift-url,python-lazr-uri,1
swift-url,python-mdurl,1
swift-url,python-purl,1
swift-url,python-rfc3986,1
swift-url,python-uritools,1
swift-url,python-urllib3,1
swift-url,python-yarl,1
swift-url,r-httr2,1
swift-url,r-urlparse,1
swift-url,r-urltools,1
swift-url,ruby-addressable,1
swift-url,ruby-uri,1
swift-url,rust-fluent-uri,1
swift-url,rust-hyper-uri,1
swift-url,rust-iref,1
swift-url,rust-reqwest,1
swift-url,rust-uriparse,1
swift-url,rust-url,1
swift-url,rust-urlparse,1
swift-url,swift-urlcomponents,1
swift-url,swift-weburl,1
swift-url,zig-std-uri,1
swift-urlcomponents,ada-uri-mime,1
swift-urlcomponents,bin-aria2,1
swift-urlcomponents,bin-trurl,1
swift-urlcomponents,bin-wget,1
swift-urlcomponents,clojure-uri,1
swift-urlcomponents,cpp-ada-url,1
swift-urlcomponents,cpp-boost-url,1
swift-urlcomponents,cpp-guri,1
swift-urlcomponents,cpp-http-parser,1
swift-urlcomponents,cpp-libcurl,1
swift-urlcomponents,cpp-poco-uri,1
swift-urlcomponents,cpp-qurl-strict,1
swift-urlcomponents,cpp-qurl-tolerant,1
swift-urlcomponents,cpp-uriparser,1
swift-urlcomponents,cpp-url-c-rfc,1
swift-urlcomponents,cpp-url-c-whatwg,1
swift-urlcomponents,crystal-uri,1
swift-urlcomponents,csharp-anglesharp,1
swift-urlcomponents,csharp-flurl,1
swift-urlcomponents,csharp-systemuri,1
swift-urlcomponents,dart-core,1
swift-urlcomponents,elixir-ex_url,1
swift-urlcomponents,elixir-uri,1
swift-urlcomponents,erlang-hackney-url,1
swift-urlcomponents,erlang-ibrowse-lib,1
swift-urlcomponents,erlang-uri-string,1
swift-urlcomponents,go-net,1
swift-urlcomponents,haskell-http-client,1
swift-urlcomponents,haskell-http-conduit,1
swift-urlcomponents,haskell-modern-uri,1
swift-urlcomponents,haskell-network-uri,1
swift-urlcomponents,haskell-uri-bytestring,1
swift-urlcomponents,java-apache-httpclient,1
swift-urlcomponents,java-galimatias,1
swift-urlcomponents,java-netty,1
swift-urlcomponents,java-okhttp,1
swift-urlcomponents,java-spring-web,1
swift-urlcomponents,java-uri,1
swift-urlcomponents,java-url,1
swift-urlcomponents,javascript-deno,1
swift-urlcomponents,javascript-domurl,1
swift-urlcomponents,javascript-fast-uri,1
swift-urlcomponents,javascript-fast-url-parser,1
swift-urlcomponents,javascript-jsuri,1
swift-urlcomponents,javascript-legacy,1
swift-urlcomponents,javascript-parse-uri,1
swift-urlcomponents,javascript-parse-url,1
swift-urlcomponents,javascript-parseuri,1
swift-urlcomponents,javascript-smithy,1
swift-urlcomponents,javascript-uri-js,1
swift-urlcomponents,javascript-uri-parser,1
swift-urlcomponents,javascript-urijs,1
swift-urlcomponents,javascript-url-parse,1
swift-urlcomponents,javascript-url-toolkit,1
swift-urlcomponents,javascript-whatwg,1
swift-urlcomponents,perl-mojo-url,1
swift-urlcomponents,perl-uri,1
swift-urlcomponents,php-amphp-uri,1
swift-urlcomponents,php-guzzle-psr7,1
swift-urlcomponents,php-laminas,1
swift-urlcomponents,php-league,1
swift-urlcomponents,php-ml-iri,1
swift-urlcomponents,php-nette-http,1
swift-urlcomponents,php-opis-uri,1
swift-urlcomponents,php-parseurl,1
swift-urlcomponents,php-pear-net-url2,1
swift-urlcomponents,php-phrity-net-uri,1
swift-urlcomponents,php-sabre,1
swift-urlcomponents,php-spatie,1
swift-urlcomponents,python-ada-url,1
swift-urlcomponents,python-furl,1
swift-urlcomponents,python-httpx,1
swift-urlcomponents,python-hyperlink,1
swift-urlcomponents,python-lazr-uri,1
swift-urlcomponents,python-mdurl,1
swift-urlcomponents,python-purl,1
swift-urlcomponents,python-rfc3986,1
swift-urlcomponents,python-uritools,1
swift-urlcomponents,python-urllib3,1
swift-urlcomponents,python-yarl,1
swift-urlcomponents,r-httr2,1
swift-urlcomponents,r-urlparse,1
swift-urlcomponents,r-urltools,1
swift-urlcomponents,ruby-addressable,1
swift-urlcomponents,ruby-uri,1
swift-urlcomponents,rust-fluent-uri,1
swift-urlcomponents,rust-hyper-uri,1
swift-urlcomponents,rust-iref,1
swift-urlcomponents,rust-reqwest,1
swift-urlcomponents,rust-uriparse,1
swift-urlcomponents,rust-url,1
swift-urlcomponents,rust-urlparse,1
swift-urlcomponents,swift-url,1
swift-urlcomponents,swift-weburl,1
swift-urlcomponents,zig-std-uri,1
swift-weburl,ada-uri-mime,1
swift-weburl,bin-aria2,1
swift-weburl,bin-trurl,1
swift-weburl,bin-wget,1
swift-weburl,clojure-uri,1
swift-weburl,cpp-ada-url,1
swift-weburl,cpp-boost-url,1
swift-weburl,cpp-guri,1
swift-weburl,cpp-http-parser,1
swift-weburl,cpp-libcurl,1
swift-weburl,cpp-poco-uri,1
swift-weburl,cpp-qurl-strict,1
swift-weburl,cpp-qurl-tolerant,1
swift-weburl,cpp-uriparser,1
swift-weburl,cpp-url-c-rfc,1
swift-weburl,cpp-url-c-whatwg,1
swift-weburl,crystal-uri,1
swift-weburl,csharp-anglesharp,1
swift-weburl,csharp-flurl,1
swift-weburl,csharp-systemuri,1
swift-weburl,dart-core,1
swift-weburl,elixir-ex_url,1
swift-weburl,elixir-uri,1
swift-weburl,erlang-hackney-url,1
swift-weburl,erlang-ibrowse-lib,1
swift-weburl,erlang-uri-string,1
swift-weburl,go-net,1
swift-weburl,haskell-http-client,1
swift-weburl,haskell-http-conduit,1
swift-weburl,haskell-modern-uri,1
swift-weburl,haskell-network-uri,1
swift-weburl,haskell-uri-bytestring,1
swift-weburl,java-apache-httpclient,1
swift-weburl,java-galimatias,1
swift-weburl,java-netty,1
swift-weburl,java-okhttp,1
swift-weburl,java-spring-web,1
swift-weburl,java-uri,1
swift-weburl,java-url,1
swift-weburl,javascript-deno,1
swift-weburl,javascript-domurl,1
swift-weburl,javascript-fast-uri,1
swift-weburl,javascript-fast-url-parser,1
swift-weburl,javascript-jsuri,1
swift-weburl,javascript-legacy,1
swift-weburl,javascript-parse-uri,1
swift-weburl,javascript-parse-url,1
swift-weburl,javascript-parseuri,1
swift-weburl,javascript-smithy,1
swift-weburl,javascript-uri-js,1
swift-weburl,javascript-uri-parser,1
swift-weburl,javascript-urijs,1
swift-weburl,javascript-url-parse,1
swift-weburl,javascript-url-toolkit,1
swift-weburl,javascript-whatwg,1
swift-weburl,perl-mojo-url,1
swift-weburl,perl-uri,1
swift-weburl,php-amphp-uri,1
swift-weburl,php-guzzle-psr7,1
swift-weburl,php-laminas,1
swift-weburl,php-league,1
swift-weburl,php-ml-iri,1
swift-weburl,php-nette-http,1
swift-weburl,php-opis-uri,1
swift-weburl,php-parseurl,1
swift-weburl,php-pear-net-url2,1
swift-weburl,php-phrity-net-uri,1
swift-weburl,php-sabre,1
swift-weburl,php-spatie,1
swift-weburl,python-ada-url,1
swift-weburl,python-furl,1
swift-weburl,python-httpx,1
swift-weburl,python-hyperlink,1
swift-weburl,python-lazr-uri,1
swift-weburl,python-mdurl,1
swift-weburl,python-purl,1
swift-weburl,python-rfc3986,1
swift-weburl,python-uritools,1
swift-weburl,python-urllib3,1
swift-weburl,python-yarl,1
swift-weburl,r-httr2,1
swift-weburl,r-urlparse,1
swift-weburl,r-urltools,1
swift-weburl,ruby-addressable,1
swift-weburl,ruby-uri,1
swift-weburl,rust-fluent-uri,1
swift-weburl,rust-hyper-uri,1
swift-weburl,rust-iref,1
swift-weburl,rust-reqwest,1
swift-weburl,rust-uriparse,1
swift-weburl,rust-url,1
swift-weburl,rust-urlparse,1
swift-weburl,swift-url,1
swift-weburl,swift-urlcomponents,1
swift-weburl,zig-std-uri,1
zig-std-uri,ada-uri-mime,1
zig-std-uri,bin-aria2,1
zig-std-uri,bin-trurl,1
zig-std-uri,bin-wget,1
zig-std-uri,clojure-uri,1
zig-std-uri,cpp-ada-url,1
zig-std-uri,cpp-boost-url,1
zig-std-uri,cpp-guri,1
zig-std-uri,cpp-http-parser,1
zig-std-uri,cpp-libcurl,1
zig-std-uri,cpp-poco-uri,1
zig-std-uri,cpp-qurl-strict,1
zig-std-uri,cpp-qurl-tolerant,1
zig-std-uri,cpp-uriparser,1
zig-std-uri,cpp-url-c-rfc,1
zig-std-uri,cpp-url-c-whatwg,1
zig-std-uri,crystal-uri,1
zig-std-uri,csharp-anglesharp,1
zig-std-uri,csharp-flurl,1
zig-std-uri,csharp-systemuri,1
zig-std-uri,dart-core,1
zig-std-uri,elixir-ex_url,1
zig-std-uri,elixir-uri,1
zig-std-uri,erlang-hackney-url,1
zig-std-uri,erlang-ibrowse-lib,1
zig-std-uri,erlang-uri-string,1
zig-std-uri,go-net,1
zig-std-uri,haskell-http-client,1
zig-std-uri,haskell-http-conduit,1
zig-std-uri,haskell-modern-uri,1
zig-std-uri,haskell-network-uri,1
zig-std-uri,haskell-uri-bytestring,1
zig-std-uri,java-apache-httpclient,1
zig-std-uri,java-galimatias,1
zig-std-uri,java-netty,1
zig-std-uri,java-okhttp,1
zig-std-uri,java-spring-web,1
zig-std-uri,java-uri,1
zig-std-uri,java-url,1
zig-std-uri,javascript-deno,1
zig-std-uri,javascript-domurl,1
zig-std-uri,javascript-fast-uri,1
zig-std-uri,javascript-fast-url-parser,1
zig-std-uri,javascript-jsuri,1
zig-std-uri,javascript-legacy,1
zig-std-uri,javascript-parse-uri,1
zig-std-uri,javascript-parse-url,1
zig-std-uri,javascript-parseuri,1
zig-std-uri,javascript-smithy,1
zig-std-uri,javascript-uri-js,1
zig-std-uri,javascript-uri-parser,1
zig-std-uri,javascript-urijs,1
zig-std-uri,javascript-url-parse,1
zig-std-uri,javascript-url-toolkit,1
zig-std-uri,javascript-whatwg,1
zig-std-uri,perl-mojo-url,1
zig-std-uri,perl-uri,1
zig-std-uri,php-amphp-uri,1
zig-std-uri,php-guzzle-psr7,1
zig-std-uri,php-laminas,1
zig-std-uri,php-league,1
zig-std-uri,php-ml-iri,1
zig-std-uri,php-nette-http,1
zig-std-uri,php-opis-uri,1
zig-std-uri,php-parseurl,1
zig-std-uri,php-pear-net-url2,1
zig-std-uri,php-phrity-net-uri,1
zig-std-uri,php-sabre,1
zig-std-uri,php-spatie,1
zig-std-uri,python-ada-url,1
zig-std-uri,python-furl,1
zig-std-uri,python-httpx,1
zig-std-uri,python-hyperlink,1
zig-std-uri,python-lazr-uri,1
zig-std-uri,python-mdurl,1
zig-std-uri,python-purl,1
zig-std-uri,python-rfc3986,1
zig-std-uri,python-uritools,1
zig-std-uri,python-urllib3,1
zig-std-uri,python-yarl,1
zig-std-uri,r-httr2,1
zig-std-uri,r-urlparse,1
zig-std-uri,r-urltools,1
zig-std-uri,ruby-addressable,1
zig-std-uri,ruby-uri,1
zig-std-uri,rust-fluent-uri,1
zig-std-uri,rust-hyper-uri,1
zig-std-uri,rust-iref,1
zig-std-uri,rust-reqwest,1
zig-std-uri,rust-uriparse,1
zig-std-uri,rust-url,1
zig-std-uri,rust-urlparse,1
zig-std-uri,swift-url,1
zig-std-uri,swift-urlcomponents,1
zig-std-uri,swift-weburl,1
